Not After,OCN,Org Name,Cert
"05 Jun 25 22:04 UTC","663G","TransNexus, Inc.","https://certificates.clearip.com/130d8785-08a5-428a-9734-e37a9f3641a6/5d20d97fd6a0cdfdb4677e240109e285.pem"
"20 Jun 25 16:06 UTC","557F","Sansay Corporation","https://cr.sansay.com/557F/429C7C70711E3820F0B8E1DEAE6FF3262264CC95.pem"
"28 Jun 25 15:43 UTC","579K","Sansay Corporation","https://cr.sansay.com/579K/429C7C70711E3820F0B8E1DEAE6FF3262264CDB6.pem"
"29 Jun 25 01:08 UTC","864J","Sansay Corporation","https://cr.sansay.com/864J/429C7C70711E3820F0B8E1DEAE6FF3262264CDCD.pem"
"17 Jun 25 00:30 UTC","779J","Sansay Corporation","https://cr.sansay.com/779J/429C7C70711E3820F0B8E1DEAE6FF3262264CC22.pem"
"06 Jun 25 03:03 UTC","864J","Sansay Corporation","https://cr.sansay.com/864J/429C7C70711E3820F0B8E1DEAE6FF3262264CA91.pem"
"18 Jun 25 21:30 UTC","883K","Peeringhub Inc","https://certificates.peeringhub.io/883K/883K.crt"
"28 Jun 25 19:35 UTC","656K","Telonium STI-CA","http://anv-cert.s3.amazonaws.com/anveo072023.crt"
"22 Jun 25 14:54 UTC","9157","Sansay Corporation","https://cr.sansay.com/9157/429C7C70711E3820F0B8E1DEAE6FF3262264CCDC.pem"
"11 Jun 25 08:56 UTC","318J","Comcast","https://sticr.stir.comcast.com/8e8f1fb0-c71b-4d45-a17e-7b60f590018d.pem"
"01 Jul 25 17:19 UTC","715J","Neustar Information Services Inc","https://cr.ccid.neustar.biz/ccid/authn/v2/certs/11430.10576.pem"
"15 Jun 25 15:40 UTC","210J","Sansay Corporation","https://cr.sansay.com/210J/429C7C70711E3820F0B8E1DEAE6FF3262264CBEE.pem"
"08 Jun 25 12:00 UTC","683G","Martini Security, LLC","https://p.mtsec.me/2e5a/PjAxqy6R9UlM.pem"
"25 Jun 25 18:28 UTC","811K","Peeringhub Inc","https://cdn.cnxcdn.com/shaken/b52cc7c2ce.crt"
"20 Jun 25 08:56 UTC","318J","Comcast","https://sticr.stir.comcast.com/1a7efa3a-4195-41e1-9364-e4105681f044.pem"
"26 Jun 25 23:40 UTC","779J","Sansay Corporation","https://cr.sansay.com/779J/429C7C70711E3820F0B8E1DEAE6FF3262264CD80.pem"
"25 Jun 25 08:56 UTC","318J","Comcast","https://sticr.stir.comcast.com/4aa95bd3-187a-41b5-87bb-76be088c08bb.pem"
"23 Jun 25 23:05 UTC","255K","Peeringhub Inc","https://certificates.peeringhub.io/255K/tDGE7FI4/255K.crt"
"17 Jun 25 15:53 UTC","187J","Sansay Corporation","https://cr.sansay.com/187J/429C7C70711E3820F0B8E1DEAE6FF3262264CB7C.pem"
"13 Jun 25 12:32 UTC","731K","Sansay Corporation","https://cr.sansay.com/731K/429C7C70711E3820F0B8E1DEAE6FF3262264CBA6.pem"
"26 Jun 25 14:19 UTC","988J","Sansay Corporation","https://cr.sansay.com/988J/429C7C70711E3820F0B8E1DEAE6FF3262264CD6A.pem"
"10 Jun 25 08:56 UTC","318J","Comcast","https://sticr.stir.comcast.com/da244859-384b-459d-8380-30e43e6831d6.pem"
"17 Jun 25 12:00 UTC","683G","Martini Security, LLC","https://p.mtsec.me/2e5a/O52a6L_ainvk.pem"
"25 Jun 25 23:45 UTC","779J","Sansay Corporation","https://cr.sansay.com/779J/429C7C70711E3820F0B8E1DEAE6FF3262264CD5A.pem"
"21 Jun 25 01:48 UTC","864J","Sansay Corporation","https://cr.sansay.com/864J/429C7C70711E3820F0B8E1DEAE6FF3262264CCAA.pem"
"23 Jun 25 08:56 UTC","318J","Comcast","https://sticr.stir.comcast.com/77029d5a-14c8-4b61-9e45-fe7783686b23.pem"
"24 Jun 25 12:00 UTC","738J","Martini Security, LLC","https://p.mtsec.me/2e5a/EtIFaeui0W0_.pem"
"12 Jun 25 17:03 UTC","579K","Sansay Corporation","https://cr.sansay.com/579K/429C7C70711E3820F0B8E1DEAE6FF3262264CB8B.pem"
"19 Jun 25 00:20 UTC","779J","Sansay Corporation","https://cr.sansay.com/779J/429C7C70711E3820F0B8E1DEAE6FF3262264CC64.pem"
"17 Jun 25 15:45 UTC","684J","Sansay Corporation","https://cr.sansay.com/684J/429C7C70711E3820F0B8E1DEAE6FF3262264CB77.pem"
"20 Jun 25 05:17 UTC","363A","Sansay Corporation","https://cr.sansay.com/363A/429C7C70711E3820F0B8E1DEAE6FF3262264CC8B.pem"
"08 Jun 25 02:52 UTC","828J","Sansay Corporation","https://cr.sansay.com/828J/429C7C70711E3820F0B8E1DEAE6FF3262264CAD2.pem"
"17 Jun 25 15:51 UTC","020K","Sansay Corporation","https://cr.sansay.com/020K/429C7C70711E3820F0B8E1DEAE6FF3262264CB7A.pem"
"27 Jun 25 13:30 UTC","554a","Sansay Corporation","https://cr.sansay.com/554a/429C7C70711E3820F0B8E1DEAE6FF3262264CD8E.pem"
"08 Jun 25 18:22 UTC","210J","Sansay Corporation","https://cr.sansay.com/210J/429C7C70711E3820F0B8E1DEAE6FF3262264CAE7.pem"
"03 Jun 25 15:26 UTC","3704","TransNexus, Inc.","https://certificates.clearip.com/94d93edb-3229-4be8-b1ae-79c020c2fd95/632ecf821b594271a556069b9ceee4cc.pem"
"19 Jun 25 13:54 UTC","920J","Sansay Corporation","https://cr.sansay.com/920J/429C7C70711E3820F0B8E1DEAE6FF3262264CC6E.pem"
"03 Jun 25 13:16 UTC","606F","TransNexus, Inc.","https://certificates.clearip.com/756cb700-f9d2-4a05-850e-c9dfe3e22de4/dc57ca9c6fdd91d0d1ce27b9127990a7.pem"
"03 Jun 25 15:01 UTC","495K","TransNexus, Inc.","https://certificates.clearip.com/ae397985-0ec2-4bcf-b83f-d4a0ed9351d9/49f35f0640308be73f7163e03f1dfe2a.pem"
"06 Jun 25 22:16 UTC","738J","TransNexus, Inc.","https://certificates.transnexus.com/738J/711534b8-9aec-4080-89c8-9ae7997e45ed.pem"
"03 Jun 25 19:03 UTC","860K","TransNexus, Inc.","https://certificates.transnexus.com/860K/2619a7fe-fa03-4170-9b83-2917562225d0.pem"
"26 Jun 25 08:56 UTC","318J","Comcast","https://sticr.stir.comcast.com/58a641ce-b45f-473a-9fa4-270b80a99cca.pem"
"11 Jun 25 20:32 UTC","939K","Peeringhub Inc","https://certificates.peeringhub.io/939K/OEwhmbDj/939K.crt"
"01 Jul 25 12:00 UTC","738J","Martini Security, LLC","https://p.mtsec.me/2e5a/V8vu_HtmUIyR.pem"
"08 Jun 25 08:56 UTC","318J","Comcast","https://sticr.stir.comcast.com/9d3a9bd1-f4f9-43ef-920a-bbcd0b02cb18.pem"
"22 Jun 25 12:00 UTC","738J","Martini Security, LLC","https://p.mtsec.me/2e5a/HJUlTK6WMgid.pem"
"09 Jun 25 18:17 UTC","210J","Sansay Corporation","https://cr.sansay.com/210J/429C7C70711E3820F0B8E1DEAE6FF3262264CB0B.pem"
"05 Jun 25 13:24 UTC","955G","Neustar Information Services Inc","https://prod001-prod011-cr.rbbnidhub.com/MudcHJqGRz/Libertyjune2025"
"21 Jun 25 05:12 UTC","363A","Sansay Corporation","https://cr.sansay.com/363A/429C7C70711E3820F0B8E1DEAE6FF3262264CCAF.pem"
"06 Jun 25 10:05 UTC","363A","Sansay Corporation","https://cr.sansay.com/363A/429C7C70711E3820F0B8E1DEAE6FF3262264CA99.pem"
"12 Jun 25 12:37 UTC","731K","Sansay Corporation","https://cr.sansay.com/731K/429C7C70711E3820F0B8E1DEAE6FF3262264CB6E.pem"
"06 Jun 25 08:56 UTC","318J","Comcast","https://sticr.stir.comcast.com/f7e1c152-98df-45d1-8548-27ea82b993b3.pem"
"28 Jun 25 14:34 UTC","074K","Neustar Information Services Inc","https://ssc.getsipnav.com/certs/9781afd1cf591e1f693706e5f90132954ab0ec9b"
"14 Jun 25 15:45 UTC","210J","Sansay Corporation","https://cr.sansay.com/210J/429C7C70711E3820F0B8E1DEAE6FF3262264CBCD.pem"
"30 Jun 25 12:00 UTC","683G","Martini Security, LLC","https://p.mtsec.me/2e5a/JxWA7nfVqMfy.pem"
"02 Jun 25 14:53 UTC","912K","TransNexus, Inc.","https://certificates.clearip.com/0449db64-4795-4735-b359-8dec139b2913/0bf86e556a50775ef791732611e82836.pem"
"02 Jun 25 16:34 UTC","444G","TransNexus, Inc.","https://certificates.clearip.com/d61e8937-0b43-4828-9876-81561d25f1de/f27fc381ea7133c37c505f5d5e716040.pem"
"28 Jun 25 04:37 UTC","363A","Sansay Corporation","https://cr.sansay.com/363A/429C7C70711E3820F0B8E1DEAE6FF3262264CDAC.pem"
"22 Jun 25 18:33 UTC","755J","Telonium Communications LLC","https://certs.telonium.net/24/da9f839e.crt"
"04 Jun 25 03:13 UTC","864J","Sansay Corporation","https://cr.sansay.com/864J/429C7C70711E3820F0B8E1DEAE6FF3262264CA46.pem"
"22 Jun 25 11:47 UTC","731K","Sansay Corporation","https://cr.sansay.com/731K/429C7C70711E3820F0B8E1DEAE6FF3262264CCD8.pem"
"04 Jun 25 21:45 UTC","735J","TransNexus, Inc.","https://certificates.clearip.com/11124177-79f3-48b2-867a-386d4dc61c99/3aecc4434d56a111616e0156351f1929.pem"
"05 Jun 25 08:56 UTC","318J","Comcast","https://sticr.stir.comcast.com/4de2d6f3-718d-4526-a737-83c4d1d77138.pem"
"26 Jun 25 12:00 UTC","738J","Martini Security, LLC","https://p.mtsec.me/2e5a/Wge4OI6NCpDD.pem"
"14 Jun 25 02:23 UTC","864J","Sansay Corporation","https://cr.sansay.com/864J/429C7C70711E3820F0B8E1DEAE6FF3262264CBBF.pem"
"03 Jun 25 08:56 UTC","318J","Comcast","https://sticr.stir.comcast.com/9626b776-63ae-405b-a65d-707c17ea51d8.pem"
"17 Jun 25 15:41 UTC","5113","Sansay Corporation","https://cr.sansay.com/5113/429C7C70711E3820F0B8E1DEAE6FF3262264CB74.pem"
"14 Jun 25 09:25 UTC","363A","Sansay Corporation","https://cr.sansay.com/363A/429C7C70711E3820F0B8E1DEAE6FF3262264CBC7.pem"
"12 Jun 25 15:29 UTC","988J","Sansay Corporation","https://cr.sansay.com/988J/429C7C70711E3820F0B8E1DEAE6FF3262264CB72.pem"
"27 Jun 25 01:18 UTC","864J","Sansay Corporation","https://cr.sansay.com/864J/429C7C70711E3820F0B8E1DEAE6FF3262264CD83.pem"
"02 Jun 25 07:43 UTC","345J","TransNexus, Inc.","https://certificates.transnexus.com/345J/9d96d9cc-5bc1-405e-a17c-94466e47a695.pem"
"12 Jun 25 02:32 UTC","828J","Sansay Corporation","https://cr.sansay.com/828J/429C7C70711E3820F0B8E1DEAE6FF3262264CB62.pem"
"15 Jun 25 15:14 UTC","988J","Sansay Corporation","https://cr.sansay.com/988J/429C7C70711E3820F0B8E1DEAE6FF3262264CBED.pem"
"29 Jun 25 08:56 UTC","318J","Comcast","https://sticr.stir.comcast.com/d5dfa7eb-87b1-4697-acfb-3e86f496ab0d.pem"
"17 Jun 25 15:55 UTC","596J","Sansay Corporation","https://cr.sansay.com/596J/429C7C70711E3820F0B8E1DEAE6FF3262264CB7E.pem"
"13 Jun 25 08:56 UTC","318J","Comcast","https://sticr.stir.comcast.com/b465155a-6126-466f-bd92-ac1a6abc6466.pem"
"09 Jun 25 15:44 UTC","988J","Sansay Corporation","https://cr.sansay.com/988J/429C7C70711E3820F0B8E1DEAE6FF3262264CB06.pem"
"04 Jun 25 21:46 UTC","1642","TransNexus, Inc.","https://certificates.clearip.com/1214ae31-f7b7-492d-98ab-6190c6053013/b906be07d10502b6b7fc93e5a5daedda.pem"
"17 Jun 25 08:56 UTC","318J","Comcast","https://sticr.stir.comcast.com/cb206185-4431-4f6f-8e81-47e0562ef274.pem"
"04 Jun 25 13:17 UTC","731K","Sansay Corporation","https://cr.sansay.com/731K/429C7C70711E3820F0B8E1DEAE6FF3262264CA52.pem"
"19 Jun 25 12:02 UTC","731K","Sansay Corporation","https://cr.sansay.com/731K/429C7C70711E3820F0B8E1DEAE6FF3262264CC6C.pem"
"21 Jun 25 08:56 UTC","318J","Comcast","https://sticr.stir.comcast.com/0e998d48-bffd-4b8d-8b76-2721595f9f42.pem"
"25 Jun 25 14:24 UTC","988J","Sansay Corporation","https://cr.sansay.com/988J/429C7C70711E3820F0B8E1DEAE6FF3262264CD46.pem"
"12 Jun 25 17:13 UTC","892K","Peeringhub Inc","https://conveytel.peeredge.com/cert/z6wOuJ8R.pem"
"30 Jun 25 12:00 UTC","738J","Martini Security, LLC","https://p.mtsec.me/2e5a/Obqu1m7EZ0w_.pem"
"07 Jun 25 10:00 UTC","363A","Sansay Corporation","https://cr.sansay.com/363A/429C7C70711E3820F0B8E1DEAE6FF3262264CABA.pem"
"29 Jun 25 12:00 UTC","683G","Martini Security, LLC","https://p.mtsec.me/2e5a/CwQOYlVVdL4x.pem"
"26 Jun 25 13:19 UTC","920J","Sansay Corporation","https://cr.sansay.com/920J/429C7C70711E3820F0B8E1DEAE6FF3262264CD68.pem"
"02 Jun 25 03:23 UTC","864J","Sansay Corporation","https://cr.sansay.com/864J/429C7C70711E3820F0B8E1DEAE6FF3262264CA00.pem"
"13 Jun 25 15:50 UTC","210J","Sansay Corporation","https://cr.sansay.com/210J/429C7C70711E3820F0B8E1DEAE6FF3262264CBAA.pem"
"26 Jun 25 01:23 UTC","864J","Sansay Corporation","https://cr.sansay.com/864J/429C7C70711E3820F0B8E1DEAE6FF3262264CD5D.pem"
"02 Jun 25 08:56 UTC","318J","Comcast","https://sticr.stir.comcast.com/af557fc1-ae66-40c8-aa63-e81d44ecddf4.pem"
"21 Jun 25 00:10 UTC","779J","Sansay Corporation","https://cr.sansay.com/779J/429C7C70711E3820F0B8E1DEAE6FF3262264CCA7.pem"
"11 Jun 25 09:40 UTC","363A","Sansay Corporation","https://cr.sansay.com/363A/429C7C70711E3820F0B8E1DEAE6FF3262264CB47.pem"
"29 Jun 25 14:04 UTC","988J","Sansay Corporation","https://cr.sansay.com/988J/429C7C70711E3820F0B8E1DEAE6FF3262264CDDA.pem"
"22 Jun 25 00:05 UTC","779J","Sansay Corporation","https://cr.sansay.com/779J/429C7C70711E3820F0B8E1DEAE6FF3262264CCCB.pem"
"13 Jun 25 05:24 UTC","345J","TransNexus, Inc.","https://certificates.transnexus.com/345J/5e68f19d-6982-42a0-8161-79c9f9677b76.pem"
"11 Jun 25 18:07 UTC","210J","Sansay Corporation","https://cr.sansay.com/210J/429C7C70711E3820F0B8E1DEAE6FF3262264CB54.pem"
"26 Jun 25 15:53 UTC","579K","Sansay Corporation","https://cr.sansay.com/579K/429C7C70711E3820F0B8E1DEAE6FF3262264CD6D.pem"
"12 Jun 25 05:04 UTC","952J","TransNexus, Inc.","https://certificates.transnexus.com/952J/55404943-85d3-4866-bd57-4d10961bcfde.pem"
"14 Jun 25 08:56 UTC","318J","Comcast","https://sticr.stir.comcast.com/dd373779-4217-4a40-a2a5-ad55a647fc8c.pem"
"22 Jun 25 08:56 UTC","318J","Comcast","https://sticr.stir.comcast.com/6e2d52bc-2023-4df5-a939-2ad79f366b71.pem"
"04 Jun 25 18:42 UTC","210J","Sansay Corporation","https://cr.sansay.com/210J/429C7C70711E3820F0B8E1DEAE6FF3262264CA5B.pem"
"11 Jun 25 12:00 UTC","738J","Martini Security, LLC","https://p.mtsec.me/2e5a/FNiZkNKcBUSY.pem"
"18 Jun 25 05:27 UTC","363A","Sansay Corporation","https://cr.sansay.com/363A/429C7C70711E3820F0B8E1DEAE6FF3262264CC49.pem"
"05 Jun 25 03:08 UTC","864J","Sansay Corporation","https://cr.sansay.com/864J/429C7C70711E3820F0B8E1DEAE6FF3262264CA6A.pem"
"07 Jun 25 15:54 UTC","988J","Sansay Corporation","https://cr.sansay.com/988J/429C7C70711E3820F0B8E1DEAE6FF3262264CABF.pem"
"02 Jun 25 10:25 UTC","363A","Sansay Corporation","https://cr.sansay.com/363A/429C7C70711E3820F0B8E1DEAE6FF3262264CA07.pem"
"09 Jun 25 08:56 UTC","318J","Comcast","https://sticr.stir.comcast.com/73fa5d1f-bf04-41ad-abfe-427e0c68c40b.pem"
"07 Jun 25 08:56 UTC","318J","Comcast","https://sticr.stir.comcast.com/221fbad7-dd8d-4eaf-bfd3-e0c226fefd42.pem"
"04 Jun 25 22:05 UTC","726J","TransNexus, Inc.","https://certificates.clearip.com/88dbb645-62bf-4d40-960c-4e8e3223880f/41c52e78671ec261acf8ecb10f5ce62c.pem"
"17 Jun 25 15:58 UTC","3395","Sansay Corporation","https://cr.sansay.com/3395/429C7C70711E3820F0B8E1DEAE6FF3262264CB80.pem"
"06 Jun 25 18:32 UTC","210J","Sansay Corporation","https://cr.sansay.com/210J/429C7C70711E3820F0B8E1DEAE6FF3262264CAA2.pem"
"26 Jun 25 21:02 UTC","930K","Telonium Communications LLC","https://certs.telonium.net/24/ebf37ff6.crt"
"04 Jun 25 15:41 UTC","2455","Neustar Information Services Inc","https://cr-partner.ccid.neustar.biz/ccid/authn/v2/certs/242.559"
"23 Jun 25 01:38 UTC","864J","Sansay Corporation","https://cr.sansay.com/864J/429C7C70711E3820F0B8E1DEAE6FF3262264CCF2.pem"
"11 Jun 25 12:00 UTC","683G","Martini Security, LLC","https://p.mtsec.me/2e5a/Wu87eJpvFems.pem"
"11 Jun 25 14:34 UTC","920J","Sansay Corporation","https://cr.sansay.com/920J/429C7C70711E3820F0B8E1DEAE6FF3262264CB4B.pem"
"05 Jun 25 18:37 UTC","210J","Sansay Corporation","https://cr.sansay.com/210J/429C7C70711E3820F0B8E1DEAE6FF3262264CA7F.pem"
"26 Jun 25 11:27 UTC","731K","Sansay Corporation","https://cr.sansay.com/731K/429C7C70711E3820F0B8E1DEAE6FF3262264CD67.pem"
"23 Jun 25 12:00 UTC","683G","Martini Security, LLC","https://p.mtsec.me/2e5a/cXwNxp8eeqHD.pem"
"04 Jun 25 23:03 UTC","4632","TransNexus, Inc.","https://certificates.transnexus.com/4632/26210141-df5e-43f7-b536-07f6e6d8df58.pem"
"26 Jun 25 12:00 UTC","683G","Martini Security, LLC","https://p.mtsec.me/2e5a/Wkeca7c8e_wt.pem"
"10 Jun 25 12:00 UTC","738J","Martini Security, LLC","https://p.mtsec.me/2e5a/F4WnUEla1gbq.pem"
"18 Jun 25 12:00 UTC","683G","Martini Security, LLC","https://p.mtsec.me/2e5a/B9c6-6pq0EJg.pem"
"10 Jun 25 12:47 UTC","731K","Sansay Corporation","https://cr.sansay.com/731K/429C7C70711E3820F0B8E1DEAE6FF3262264CB25.pem"
"06 Jun 25 00:00 UTC","986K","Sansay Corporation","https://cr.sansay.com/986K/429C7C70711E3820F0B8E1DEAE6FF3262264CA78.pem"
"07 Jun 25 12:00 UTC","683G","Martini Security, LLC","https://p.mtsec.me/2e5a/I-5ITUA2cGOR.pem"
"22 Jun 25 12:00 UTC","683G","Martini Security, LLC","https://p.mtsec.me/2e5a/QPIEn8Mk-ieQ.pem"
"19 Jun 25 14:54 UTC","988J","Sansay Corporation","https://cr.sansay.com/988J/429C7C70711E3820F0B8E1DEAE6FF3262264CC71.pem"
"26 Jun 25 13:35 UTC","554a","Sansay Corporation","https://cr.sansay.com/554a/429C7C70711E3820F0B8E1DEAE6FF3262264CD69.pem"
"10 Jun 25 18:12 UTC","210J","Sansay Corporation","https://cr.sansay.com/210J/429C7C70711E3820F0B8E1DEAE6FF3262264CB2E.pem"
"28 Jun 25 01:26 UTC","186K","Martini Security, LLC","https://go2uno.46labs.com/go2uno.pem"
"05 Jun 25 13:12 UTC","731K","Sansay Corporation","https://cr.sansay.com/731K/429C7C70711E3820F0B8E1DEAE6FF3262264CA75.pem"
"24 Jun 25 00:00 UTC","738J","Martini Security, LLC","https://p.mtsec.me/2e5a/TXj0qBbh6MK8.pem"
"13 Jun 25 14:40 UTC","554a","Sansay Corporation","https://cr.sansay.com/554a/429C7C70711E3820F0B8E1DEAE6FF3262264CBA8.pem"
"11 Jun 25 02:38 UTC","864J","Sansay Corporation","https://cr.sansay.com/864J/429C7C70711E3820F0B8E1DEAE6FF3262264CB3F.pem"
"11 Jun 25 15:34 UTC","988J","Sansay Corporation","https://cr.sansay.com/988J/429C7C70711E3820F0B8E1DEAE6FF3262264CB4D.pem"
"04 Jun 25 18:22 UTC","982J","TransNexus, Inc.","https://certificates.transnexus.com/982J/ad3f0ed7-1baa-4048-b65e-13a9dad461cf.pem"
"12 Jun 25 12:00 UTC","683G","Martini Security, LLC","https://p.mtsec.me/2e5a/L_LxxFPXJLt9.pem"
"04 Jun 25 16:09 UTC","988J","Sansay Corporation","https://cr.sansay.com/988J/429C7C70711E3820F0B8E1DEAE6FF3262264CA56.pem"
"16 Jun 25 12:00 UTC","683G","Martini Security, LLC","https://p.mtsec.me/2e5a/XJMkrdQQw7bd.pem"
"01 Jul 25 12:00 UTC","683G","Martini Security, LLC","https://p.mtsec.me/2e5a/EllrW86HQz1F.pem"
"07 Jun 25 18:27 UTC","210J","Sansay Corporation","https://cr.sansay.com/210J/429C7C70711E3820F0B8E1DEAE6FF3262264CAC4.pem"
"27 Jun 25 04:42 UTC","363A","Sansay Corporation","https://cr.sansay.com/363A/429C7C70711E3820F0B8E1DEAE6FF3262264CD88.pem"
"15 Jun 25 08:56 UTC","318J","Comcast","https://sticr.stir.comcast.com/e358dced-c6a7-46e7-af66-2f38824a25b5.pem"
"22 Jun 25 15:30 UTC","776K","Sansay Corporation","https://cr.sansay.com/776K/429C7C70711E3820F0B8E1DEAE6FF3262264C47A.pem"
"04 Jun 25 03:12 UTC","828J","Sansay Corporation","https://cr.sansay.com/828J/429C7C70711E3820F0B8E1DEAE6FF3262264CA44.pem"
"06 Jun 25 13:07 UTC","731K","Sansay Corporation","https://cr.sansay.com/731K/429C7C70711E3820F0B8E1DEAE6FF3262264CA9B.pem"
"17 Jun 25 12:00 UTC","738J","Martini Security, LLC","https://p.mtsec.me/2e5a/GNWVmd4tvNDe.pem"
"23 Jun 25 07:55 UTC","345J","TransNexus, Inc.","https://certificates.transnexus.com/345J/06c31a42-9949-4290-931c-4e6b2ab7c02e.pem"
"01 Jul 25 15:06 UTC","634K","Sansay Corporation","https://cr.sansay.com/634K/429C7C70711E3820F0B8E1DEAE6FF3262264BFDE.pem"
"16 Jun 25 17:31 UTC","827K","Peeringhub Inc","https://certificates.peeringhub.io/827K/cOqyHAwz/827K.crt"
"27 Jun 25 23:35 UTC","779J","Sansay Corporation","https://cr.sansay.com/779J/429C7C70711E3820F0B8E1DEAE6FF3262264CDA4.pem"
"17 Jun 25 15:42 UTC","683A","Sansay Corporation","https://cr.sansay.com/683A/429C7C70711E3820F0B8E1DEAE6FF3262264CB75.pem"
"15 Jun 25 02:18 UTC","864J","Sansay Corporation","https://cr.sansay.com/864J/429C7C70711E3820F0B8E1DEAE6FF3262264CBE0.pem"
"01 Jul 25 17:05 UTC","962J","Neustar Information Services Inc","https://eco.peeredge.com/cert/epqK2O2z.pem"
"02 Jun 25 21:38 UTC","983J","TransNexus, Inc.","https://certificates.clearip.com/59ebb7c1-25bd-4dfc-9794-fcb104b2f66a/8a0742ba0a4e9af75279fcdf0e8f2fa2.pem"
"18 Jun 25 16:33 UTC","579K","Sansay Corporation","https://cr.sansay.com/579K/429C7C70711E3820F0B8E1DEAE6FF3262264CC53.pem"
"20 Jun 25 15:15 UTC","210J","Sansay Corporation","https://cr.sansay.com/210J/429C7C70711E3820F0B8E1DEAE6FF3262264CC94.pem"
"09 Jun 25 12:00 UTC","683G","Martini Security, LLC","https://p.mtsec.me/2e5a/VHWrpcygdO-6.pem"
"18 Jun 25 12:07 UTC","731K","Sansay Corporation","https://cr.sansay.com/731K/429C7C70711E3820F0B8E1DEAE6FF3262264CC4C.pem"
"07 Jun 25 02:58 UTC","864J","Sansay Corporation","https://cr.sansay.com/864J/429C7C70711E3820F0B8E1DEAE6FF3262264CAB2.pem"
"28 Jun 25 01:13 UTC","864J","Sansay Corporation","https://cr.sansay.com/864J/429C7C70711E3820F0B8E1DEAE6FF3262264CDA7.pem"
"13 Jun 25 00:02 UTC","969H","NetNumber Inc","https://www.gstatic.com/gtp/stir/PG_GphG9sQai3mLLqJRyFQ.pem"
"28 Jun 25 14:09 UTC","988J","Sansay Corporation","https://cr.sansay.com/988J/429C7C70711E3820F0B8E1DEAE6FF3262264CDB3.pem"
"18 Jun 25 00:26 UTC","779J","Sansay Corporation","https://cr.sansay.com/779J/429C7C70711E3820F0B8E1DEAE6FF3262264CC44.pem"
"03 Jun 25 14:49 UTC","932K","Sansay Corporation","https://cr.sansay.com/932K/429C7C70711E3820F0B8E1DEAE6FF32622649E9F.pem"
"05 Jun 25 04:00 UTC","088J","Martini Security, LLC","https://p.mtsec.me/2e5a/Y7IOzO461lr9.pem"
"21 Jun 25 11:52 UTC","731K","Sansay Corporation","https://cr.sansay.com/731K/429C7C70711E3820F0B8E1DEAE6FF3262264CCB4.pem"
"13 Jun 25 09:30 UTC","363A","Sansay Corporation","https://cr.sansay.com/363A/429C7C70711E3820F0B8E1DEAE6FF3262264CBA4.pem"
"15 Jun 25 09:20 UTC","363A","Sansay Corporation","https://cr.sansay.com/363A/429C7C70711E3820F0B8E1DEAE6FF3262264CBE8.pem"
"08 Jun 25 15:49 UTC","988J","Sansay Corporation","https://cr.sansay.com/988J/429C7C70711E3820F0B8E1DEAE6FF3262264CAE2.pem"
"04 Jun 25 21:54 UTC","819H","TransNexus, Inc.","https://certificates.clearip.com/3c4ce448-386b-4d47-a276-7fe32e380a83/3ad3c202da7075c89e5dce33a1af7cbf.pem"
"27 Jun 25 11:22 UTC","731K","Sansay Corporation","https://cr.sansay.com/731K/429C7C70711E3820F0B8E1DEAE6FF3262264CD8D.pem"
"19 Jun 25 12:00 UTC","738J","Martini Security, LLC","https://p.mtsec.me/2e5a/dSjlB6ch5yZd.pem"
"19 Jun 25 12:00 UTC","683G","Martini Security, LLC","https://p.mtsec.me/2e5a/CSKA9Q2N8pgL.pem"
"05 Jun 25 19:42 UTC","1577","TransNexus, Inc.","https://certificates.clearip.com/5e573b0a-6141-441b-bedb-f350aa71625f/3236291ef829d1931e3ce8e35f1db3ca.pem"
"05 Jun 25 01:54 UTC","0172","TransNexus, Inc.","https://certificates.transnexus.com/0172/e3573e88-53e8-4c64-a32c-3ef296342985.pem"
"21 Jun 25 15:10 UTC","210J","Sansay Corporation","https://cr.sansay.com/210J/429C7C70711E3820F0B8E1DEAE6FF3262264CCB7.pem"
"04 Jun 25 21:58 UTC","916J","TransNexus, Inc.","https://certificates.clearip.com/48c90e4a-a2cf-4e37-bd41-4c9bf99d32ac/56ecf74965e1221a51e8a8085465b7c4.pem"
"18 Jun 25 14:59 UTC","988J","Sansay Corporation","https://cr.sansay.com/988J/429C7C70711E3820F0B8E1DEAE6FF3262264CC50.pem"
"13 Jun 25 23:13 UTC","144L","Telonium Communications LLC","https://certs.telonium.net/ocn/144L.crt"
"17 Jun 25 16:03 UTC","3849","Sansay Corporation","https://cr.sansay.com/3849/429C7C70711E3820F0B8E1DEAE6FF3262264CB85.pem"
"16 Jun 25 12:00 UTC","738J","Martini Security, LLC","https://p.mtsec.me/2e5a/PoupH4jvbJBJ.pem"
"13 Jun 25 02:28 UTC","864J","Sansay Corporation","https://cr.sansay.com/864J/429C7C70711E3820F0B8E1DEAE6FF3262264CB9C.pem"
"09 Jun 25 02:48 UTC","864J","Sansay Corporation","https://cr.sansay.com/864J/429C7C70711E3820F0B8E1DEAE6FF3262264CAF8.pem"
"16 Jun 25 08:56 UTC","318J","Comcast","https://sticr.stir.comcast.com/3e6d38f0-0181-4b42-bf6f-e1f54419050b.pem"
"25 Jun 25 12:00 UTC","683G","Martini Security, LLC","https://p.mtsec.me/2e5a/FFw7R01D1UwK.pem"
"16 Jun 25 02:13 UTC","864J","Sansay Corporation","https://cr.sansay.com/864J/429C7C70711E3820F0B8E1DEAE6FF3262264CC01.pem"
"03 Jun 25 22:40 UTC","177K","TransNexus, Inc.","https://certificates.clearip.com/8d118994-4994-4735-ac71-42c0bbb7848f/c022bcf1a45e0e16a1dbb987a9b03cfb.pem"
"19 Jun 25 15:20 UTC","210J","Sansay Corporation","https://cr.sansay.com/210J/429C7C70711E3820F0B8E1DEAE6FF3262264CC72.pem"
"14 Jun 25 23:59 UTC","321J","NetNumber Inc","https://d64db847f381fcb974ab1b6150b49a91.cxstatic.com/f/0d39a8ae-f0da-4f3c-87e7-1e0a41981853"
"29 Jun 25 12:00 UTC","738J","Martini Security, LLC","https://p.mtsec.me/2e5a/Q81KtCOY1obE.pem"
"19 Jun 25 08:56 UTC","318J","Comcast","https://sticr.stir.comcast.com/060ef768-0fa3-428d-9991-2450aa2bb963.pem"
"12 Jun 25 08:56 UTC","318J","Comcast","https://sticr.stir.comcast.com/c709cdd1-94dc-4f06-ad06-2e82fbb926ab.pem"
"02 Jun 25 19:13 UTC","6233","TransNexus, Inc.","https://certificates.clearip.com/9b6336c6-a756-47eb-a80c-384319297ebb/895d6710cb5ed7c8795d55f6ad3e54ed.pem"
"25 Jun 25 17:14 UTC","611J","Peeringhub Inc","https://ssc.getsipnav.com/certs/724dcfb47a877f9ba8cf306376dfde026b11b227"
"26 Jun 25 23:54 UTC","577F","TransNexus, Inc.","https://certificates.transnexus.com/577F/a1684f5c-58ae-4335-9810-1ee044808cc0.pem"
"15 Jun 25 12:00 UTC","683G","Martini Security, LLC","https://p.mtsec.me/2e5a/C8FAx69T7s5u.pem"
"02 Jun 25 14:57 UTC","107K","TransNexus, Inc.","https://certificates.clearip.com/4ba6f296-2d7c-42c2-8fe4-12b74f5076df/43596b93186d4d6889c48ccc8e34b66c.pem"
"02 Jun 25 22:04 UTC","663G","TransNexus, Inc.","https://certificates.clearip.com/130d8785-08a5-428a-9734-e37a9f3641a6/7a76b02f9e78aa96e4f99d0d918d9138.pem"
"03 Jun 25 13:16 UTC","1577","TransNexus, Inc.","https://certificates.clearip.com/e5b1e8c0-a23d-472b-a310-99b1e23f16be/46950a821930fe2759366be3f58acdf3.pem"
"18 Jun 25 15:25 UTC","210J","Sansay Corporation","https://cr.sansay.com/210J/429C7C70711E3820F0B8E1DEAE6FF3262264CC51.pem"
"24 Jun 25 12:00 UTC","683G","Martini Security, LLC","https://p.mtsec.me/2e5a/KhRbVWOgmzei.pem"
"18 Jun 25 12:00 UTC","738J","Martini Security, LLC","https://p.mtsec.me/2e5a/CqM7fr6pFZOv.pem"
"08 Jun 25 12:00 UTC","738J","Martini Security, LLC","https://p.mtsec.me/2e5a/Fz3ugZm0ABBV.pem"
"08 Jun 25 02:53 UTC","864J","Sansay Corporation","https://cr.sansay.com/864J/429C7C70711E3820F0B8E1DEAE6FF3262264CAD4.pem"
"23 Jun 25 12:00 UTC","738J","Martini Security, LLC","https://p.mtsec.me/2e5a/NS1YukdpsJzJ.pem"
"06 Jun 25 15:59 UTC","988J","Sansay Corporation","https://cr.sansay.com/988J/429C7C70711E3820F0B8E1DEAE6FF3262264CA9E.pem"
"10 Jun 25 12:00 UTC","683G","Martini Security, LLC","https://p.mtsec.me/2e5a/UDWSIOOmxeld.pem"
"21 Jun 25 20:10 UTC","053K","Sansay Corporation","https://cr.sansay.com/053K/429C7C70711E3820F0B8E1DEAE6FF3262264CCC1.pem"
"12 Jun 25 12:00 UTC","738J","Martini Security, LLC","https://p.mtsec.me/2e5a/Khl6AP0CVjfQ.pem"
"18 Jun 25 18:37 UTC","697J","Neustar Information Services Inc","https://prod001-prod011-cr.rbbnidhub.com/OesNvM4ngz/5"
"19 Jun 25 05:22 UTC","363A","Sansay Corporation","https://cr.sansay.com/363A/429C7C70711E3820F0B8E1DEAE6FF3262264CC68.pem"
"17 Jun 25 02:08 UTC","864J","Sansay Corporation","https://cr.sansay.com/864J/429C7C70711E3820F0B8E1DEAE6FF3262264CC24.pem"
"03 Jun 25 20:14 UTC","193E","TransNexus, Inc.","https://certificates.transnexus.com/193E/420bca81-7d60-485a-abde-57fd5f1f4804.pem"
"17 Jun 25 15:43 UTC","012J","Sansay Corporation","https://cr.sansay.com/012J/429C7C70711E3820F0B8E1DEAE6FF3262264CB76.pem"
"03 Jun 25 01:01 UTC","0172","TransNexus, Inc.","https://certificates.transnexus.com/0172/b0f3c776-6ba4-43b8-9477-db4f6cad2a02.pem"
"27 Jun 25 14:14 UTC","988J","Sansay Corporation","https://cr.sansay.com/988J/429C7C70711E3820F0B8E1DEAE6FF3262264CD8F.pem"
"28 Jun 25 17:13 UTC","366G","TransNexus, Inc.","https://certificates.transnexus.com/366G/83363f8c-c945-4109-87ea-7e91740bb77a.pem"
"17 Jun 25 15:39 UTC","563j","Sansay Corporation","https://cr.sansay.com/563j/429C7C70711E3820F0B8E1DEAE6FF3262264CB73.pem"
"17 Jun 25 16:38 UTC","579K","Sansay Corporation","https://cr.sansay.com/579K/429C7C70711E3820F0B8E1DEAE6FF3262264CC33.pem"
"30 Jun 25 06:00 UTC","758J","Sansay Corporation","https://stirshaken.s3.us-west-1.amazonaws.com/stirshaken.pem"
"28 Jun 25 23:00 UTC","223L","Telonium Communications LLC","https://cdn.cnxcdn.com/shaken/2b68e1ea3c.crt"
"06 Jun 25 12:24 UTC","742D","Avid Communication","https://cdn-cr.cgah.tnsi.com/certs/c63aca77c3a44dad9b6d8b9a53b4290e114140b8"
"11 Jun 25 21:59 UTC","313K","Sansay Corporation","https://cr.sansay.com/313K/429C7C70711E3820F0B8E1DEAE6FF3262264CB5A.pem"
"25 Jun 25 01:28 UTC","864J","Sansay Corporation","https://cr.sansay.com/864J/429C7C70711E3820F0B8E1DEAE6FF3262264CD39.pem"
"20 Jun 25 03:34 UTC","551G","TransNexus, Inc.","https://certificates.transnexus.com/551G/d3a32bd8-dcb0-4434-820f-59af0a54bced.pem"
"17 Jun 25 13:24 UTC","745K","Peeringhub Inc","https://certificates.peeringhub.io/745K/CFHznOHy/745K.crt"
"17 Jun 25 19:43 UTC","722J","TransNexus, Inc.","https://certificates.transnexus.com/722J/2110a634-d0e6-486a-8ec6-43d133864a46.pem"
"20 Jun 25 11:57 UTC","731K","Sansay Corporation","https://cr.sansay.com/731K/429C7C70711E3820F0B8E1DEAE6FF3262264CC90.pem"
"20 Jun 25 14:49 UTC","988J","Sansay Corporation","https://cr.sansay.com/988J/429C7C70711E3820F0B8E1DEAE6FF3262264CC93.pem"
"15 Jun 25 07:11 UTC","647K","Sansay Corporation","https://cr.sansay.com/647K/429C7C70711E3820F0B8E1DEAE6FF3262264CBE7.pem"
"09 Jun 25 12:00 UTC","738J","Martini Security, LLC","https://p.mtsec.me/2e5a/ZMFQrgRv4_Xg.pem"
"08 Jun 25 13:40 UTC","815J","Sansay Corporation","https://cr.sansay.com/815J/429C7C70711E3820F0B8E1DEAE6FF3262264CADF.pem"
"26 Jun 25 04:47 UTC","363A","Sansay Corporation","https://cr.sansay.com/363A/429C7C70711E3820F0B8E1DEAE6FF3262264CD62.pem"
"03 Jun 25 13:41 UTC","691J","TransNexus, Inc.","https://certificates.clearip.com/84c98183-b28e-415a-8dc4-ba02b9ca5418/27f1697886daf6710987ebe1e82f95a2.pem"
"11 Jun 25 17:08 UTC","579K","Sansay Corporation","https://cr.sansay.com/579K/429C7C70711E3820F0B8E1DEAE6FF3262264CB50.pem"
"04 Jun 25 16:01 UTC","012K","TransNexus, Inc.","https://certificates.clearip.com/06ebd24a-1f0a-46d5-8a2f-a7ae49be8ed6/f78cb544ceb51cdff6321ef01fe4a430.pem"
"12 Jun 25 01:48 UTC","939H","Neustar Information Services Inc","https://storage.googleapis.com/stirshaken/939h6112024.pem"
"04 Jun 25 21:50 UTC","733J","TransNexus, Inc.","https://certificates.clearip.com/257dc117-4652-4444-9058-fceb2d81e92c/9a306425656f2925abcaa28790cb4a06.pem"
"11 Jun 25 12:42 UTC","731K","Sansay Corporation","https://cr.sansay.com/731K/429C7C70711E3820F0B8E1DEAE6FF3262264CB49.pem"
"14 Jun 25 15:19 UTC","988J","Sansay Corporation","https://cr.sansay.com/988J/429C7C70711E3820F0B8E1DEAE6FF3262264CBCC.pem"
"28 Jun 25 08:56 UTC","318J","Comcast","https://sticr.stir.comcast.com/66a7bf3b-a828-4566-bf72-7cb05608ec93.pem"
"12 Jun 25 09:35 UTC","363A","Sansay Corporation","https://cr.sansay.com/363A/429C7C70711E3820F0B8E1DEAE6FF3262264CB6C.pem"
"27 Jun 25 20:53 UTC","815G","TransNexus, Inc.","https://certificates.transnexus.com/815G/289fb6c6-a393-417d-a28b-16120b5ec7ce.pem"
"15 Jun 25 12:00 UTC","738J","Martini Security, LLC","https://p.mtsec.me/2e5a/MLkR7Ph1g1hY.pem"
"22 Jun 25 15:05 UTC","210J","Sansay Corporation","https://cr.sansay.com/210J/429C7C70711E3820F0B8E1DEAE6FF3262264CCDE.pem"
"03 Jun 25 16:14 UTC","988J","Sansay Corporation","https://cr.sansay.com/988J/429C7C70711E3820F0B8E1DEAE6FF3262264CA32.pem"
"22 Jun 25 05:07 UTC","363A","Sansay Corporation","https://cr.sansay.com/363A/429C7C70711E3820F0B8E1DEAE6FF3262264CCD3.pem"
"01 Jul 25 17:58 UTC","4036","Neustar Information Services Inc","https://cert2.sticr.att.net:8443/sti-cr/att-stica1719858820982-cert.crt"
"03 Jun 25 22:19 UTC","1826","TransNexus, Inc.","https://certificates.clearip.com/2fb590ef-1300-4481-b00c-164b447c8c08/eb19e1337bd604d6b84f833a38a4a49b.pem"
"02 Jun 25 19:42 UTC","1577","TransNexus, Inc.","https://certificates.clearip.com/5e573b0a-6141-441b-bedb-f350aa71625f/81cb36aa1fc3ecd31a30bbe4d535dc35.pem"
"10 Jun 25 15:39 UTC","988J","Sansay Corporation","https://cr.sansay.com/988J/429C7C70711E3820F0B8E1DEAE6FF3262264CB29.pem"
"25 Jun 25 12:00 UTC","738J","Martini Security, LLC","https://p.mtsec.me/2e5a/NIdvD997wyzv.pem"
"03 Jun 25 18:47 UTC","210J","Sansay Corporation","https://cr.sansay.com/210J/429C7C70711E3820F0B8E1DEAE6FF3262264CA37.pem"
"25 Jun 25 14:50 UTC","210J","Sansay Corporation","https://cr.sansay.com/210J/429C7C70711E3820F0B8E1DEAE6FF3262264CD47.pem"
"08 Jun 25 12:57 UTC","731K","Sansay Corporation","https://cr.sansay.com/731K/429C7C70711E3820F0B8E1DEAE6FF3262264CADE.pem"
"27 Jun 25 08:56 UTC","318J","Comcast","https://sticr.stir.comcast.com/1b1c1f00-9541-42c7-b7a6-06a46ee65010.pem"
"08 Jun 25 23:45 UTC","577F","TransNexus, Inc.","https://certificates.transnexus.com/577F/5ce9c39c-89d4-4718-be98-eddee48ad21c.pem"
"07 Jun 25 17:11 UTC","366G","TransNexus, Inc.","https://certificates.transnexus.com/366G/2d921d50-0fc9-41ee-b265-a6529fe26386.pem"
"06 Jun 25 07:00 UTC","8697","NetNumber Inc","https://bwt.io/8697a2.crt"
"13 Jun 25 15:24 UTC","988J","Sansay Corporation","https://cr.sansay.com/988J/429C7C70711E3820F0B8E1DEAE6FF3262264CBA9.pem"
"06 Jun 25 17:33 UTC","579K","Sansay Corporation","https://cr.sansay.com/579K/429C7C70711E3820F0B8E1DEAE6FF3262264CAA1.pem"
"22 Jun 25 23:04 UTC","4632","TransNexus, Inc.","https://certificates.transnexus.com/4632/887ba31e-3b10-4ab8-993a-1aa1e45ffaf4.pem"
"04 Jun 25 20:49 UTC","604K","TransNexus, Inc.","https://certificates.clearip.com/7f737783-bafd-48a8-a8f8-a4781781e950/916eefb7f1da352a944a827fc0db4687.pem"
"05 Jun 25 17:38 UTC","579K","Sansay Corporation","https://cr.sansay.com/579K/429C7C70711E3820F0B8E1DEAE6FF3262264CA7C.pem"
"22 Jun 25 01:43 UTC","864J","Sansay Corporation","https://cr.sansay.com/864J/429C7C70711E3820F0B8E1DEAE6FF3262264CCCE.pem"
"04 Jun 25 08:56 UTC","318J","Comcast","https://sticr.stir.comcast.com/0b0c33b7-4e27-46fe-99f7-eb11afcf70ad.pem"
"04 Jun 25 21:51 UTC","0759","TransNexus, Inc.","https://certificates.clearip.com/3446023b-a4a3-4abb-a8fd-dbbd08f4a4d2/5438bb925dd572be8c40239d9a1509da.pem"
"12 Jun 25 02:33 UTC","864J","Sansay Corporation","https://cr.sansay.com/864J/429C7C70711E3820F0B8E1DEAE6FF3262264CB64.pem"
"09 Jun 25 12:24 UTC","841J","TransNexus, Inc.","https://certificates.transnexus.com/841J/3f2f0a3e-aedc-4340-a8ab-f6184d71bcde.pem"
"17 Jun 25 15:30 UTC","210J","Sansay Corporation","https://cr.sansay.com/210J/429C7C70711E3820F0B8E1DEAE6FF3262264CC31.pem"
"05 Jun 25 16:04 UTC","988J","Sansay Corporation","https://cr.sansay.com/988J/429C7C70711E3820F0B8E1DEAE6FF3262264CA79.pem"
"03 Jun 25 13:15 UTC","278K","TransNexus, Inc.","https://certificates.clearip.com/36952c34-78d8-4c32-9499-188a418f31ba/3f7bf2da7fba24bf001fa25191257560.pem"
"05 Jun 25 21:39 UTC","983J","TransNexus, Inc.","https://certificates.clearip.com/59ebb7c1-25bd-4dfc-9794-fcb104b2f66a/6237257e583559a110923633676c01df.pem"
"18 Jun 25 08:56 UTC","318J","Comcast","https://sticr.stir.comcast.com/887f9746-ee43-4798-827a-bcc71b53c810.pem"
"03 Jun 25 15:30 UTC","554a","Sansay Corporation","https://cr.sansay.com/554a/429C7C70711E3820F0B8E1DEAE6FF3262264CA31.pem"
"07 Jun 25 13:02 UTC","731K","Sansay Corporation","https://cr.sansay.com/731K/429C7C70711E3820F0B8E1DEAE6FF3262264CABB.pem"
"24 Jun 25 08:56 UTC","318J","Comcast","https://sticr.stir.comcast.com/1f02dc41-1c94-46a0-a5e7-7c1b20cabfa7.pem"
"04 Jun 25 16:04 UTC","747J","TransNexus, Inc.","https://certificates.clearip.com/9e31f6fe-cfd3-49cc-b9fc-22963012a8d7/aa1d5019d93764014384bdc00703b7cb.pem"
"17 Jun 25 15:50 UTC","633J","Sansay Corporation","https://cr.sansay.com/633J/429C7C70711E3820F0B8E1DEAE6FF3262264CB79.pem"
"12 Jun 25 15:46 UTC","652J","Sansay Corporation","https://cr.sansay.com/652J/429C7C70711E3820F0B8E1DEAE6FF3262264CB78.pem"
"28 Jun 25 11:17 UTC","731K","Sansay Corporation","https://cr.sansay.com/731K/429C7C70711E3820F0B8E1DEAE6FF3262264CDB1.pem"
"28 Jun 25 00:30 UTC","1604","Sansay Corporation","https://cr.sansay.com/1604/429C7C70711E3820F0B8E1DEAE6FF3262264A19B.pem"
