OCN,Org Name,CN,Cert
"005K","Primevox Communications, LLC","SHAKEN 005K","https://pvx1.s3.us-east-2.amazonaws.com/stirshaken/public_certificate.cer"
"006L","VoyageNetworks","VoyageNetworks_1742590882637 SHAKEN 006L","https://voipedia.peeredge.com/cert/QKgErsFH.pem"
"006L","VoyageNetworks","VoyageNetworks_1728672609930 SHAKEN 006L","https://voipedia.peeredge.com/cert/vTIeUNV1.pem"
"0088","Delhi Telephone Company","SHAKEN 0088","https://cr-partner.ccid.neustar.biz/ccid/authn/v2/certs/237.564"
"012J","Apeiron Systems","SHAKEN 012J","https://cr.sansay.com/012J/429C7C70711E3820F0B8E1DEAE6FF3262264CB76.pem"
"012K","CallCurrent, Inc.","SHAKEN 012K","https://certificates.clearip.com/06ebd24a-1f0a-46d5-8a2f-a7ae49be8ed6/f78cb544ceb51cdff6321ef01fe4a430.pem"
"014L","First Tele Communications Inc","SHAKEN 014L","https://certs.telonium.net/25/b5953bd1.crt"
"014L","First Tele Communications Inc","SHAKEN 014L","https://certs.telonium.net/24/3b26c3ff.crt"
"016L","Dial Edge Telecom LLC","SHAKEN 016L","https://certs.telonium.net/24/9b183038.crt"
"0172","CallTower","SHAKEN 0172","https://certificates.transnexus.com/0172/e3573e88-53e8-4c64-a32c-3ef296342985.pem"
"0172","CallTower","SHAKEN 0172","https://certificates.transnexus.com/0172/b0f3c776-6ba4-43b8-9477-db4f6cad2a02.pem"
"0179","Laurel Highland Telephone Company","SHAKEN 0179 Laurel Highland Telephone Company","https://cr.sansay.com/0179/429C7C70711E3820F0B8E1DEAE6FF3262264BDB3.pem"
"018L","Infinititel LLC","SHAKEN 018L","https://infinititel.peeredge.com/cert/lYF7XHUT.pem"
"020K","NETRIO LLC","SHAKEN 020K","https://cr.sansay.com/020K/429C7C70711E3820F0B8E1DEAE6FF3262264CB7A.pem"
"023B","Big River Telephone Company","SHAKEN 023B","https://cr.ccid.neustar.biz/ccid/authn/v2/certs/11133.10887.pem"
"023K","Pulsar360 Corp","SHAKEN 023K","https://ecms.securetransit.net/certs/159f2eaefcbba7900be5f7f7e1cd77fa.cer"
"025L","GradCon Intl LLC","SHAKEN 025L","https://cdn.cnxcdn.com/shaken/b190235921.crt"
"030J","ANI Networks","SHAKEN 030J","https://certs.iverify-aninetworks.net/aninetworks_20260303.crt"
"033L","Globilinks Cloud Services LLC","SHAKEN 033L","https://certs.telonium.net/24/6f1f4c50.crt"
"034L","Tele-Data Communications Corporation","SHAKEN 034L","https://eon.peeredge.com/cert/s447T28n.pem"
"037L","Tele-C Communications Corporation","SHAKEN 037L","https://certs.telonium.net/24/589d3e00.crt"
"037L","Tele-C Communications Corporation","SHAKEN 037L","https://certs.telonium.net/25/46dd22db.crt"
"0401","Duo Broadband ","Duo Broadband SHAKEN Cert 0401","https://cdn-cr.cgah.tnsi.com/certs/e6c8f8013706c0cbf0a78beb80d1f21374f43b1d"
"0425","Fastwyre Broadband","Fastwyre Broadband SHAKEN Cert 0425","https://cdn-cr.cgah.tnsi.com/certs/4f2a4a764bced7e27a5c80067dd0410ddd1b9e02"
"042L","Telepath Communications Corp","SHAKEN 042L","https://eon.peeredge.com/cert/NIJA8BOr.pem"
"0432","Kaplan Telephone","Kaplan Telephone SHAKEN 0432","https://cdn-cr.cgah.tnsi.com/certs/e8a30914a93822abe2262f6ffedfadd7837edc3e"
"0435","Northeast Louisiana Telephone Co Inc","SHAKEN 0435","https://cr-partner.ccid.neustar.biz/ccid/authn/v2/certs/217.696"
"049K","Dialpad Inc","SHAKEN 049K","https://fstelephony.dialpad.net/static/cert/shaken_identity_2025_1.cer"
"0523","Hargray Communications Group Inc","SHAKEN 0523","https://cr-partner.ccid.neustar.biz/ccid/authn/v2/certs/221.573"
"052L","Call Logistics INC","SHAKEN 052L Call Logistics INC","https://autelecom.peeredge.com/cert/eERiTLql.pem"
"053K","WWT INC dba VoIP Networks","SHAKEN 053K","https://cr.sansay.com/053K/429C7C70711E3820F0B8E1DEAE6FF3262264CCC1.pem"
"0562","DTC Communications","DTC Communications SHAKEN 0562","https://cdn-cr.cgah.tnsi.com/certs/82cf7b9a6d32df6dbe88d1a380b594f4be506929"
"056K","Ascension Technologies","SHAKEN 056K","https://cr.sansay.com/056K/429C7C70711E3820F0B8E1DEAE6FF3262264BFF5.pem"
"056L","1234Voip.com LLC","1234Voip.com LLC_1733962630456 SHAKEN 056L","https://certificates.peeringhub.io/056L/KDR68pha/056L.crt"
"0590","Watchcomm ","SHAKEN 0590","https://cr.sansay.com/0590/429C7C70711E3820F0B8E1DEAE6FF3262264BFEB.pem"
"063E","Peerless Network","SHAKEN 063E","https://cr.ccid.neustar.biz/ccid/authn/v2/certs/11184.10799.pem"
"066L","Tacit","Tacit Solutions LLC_1748293549184 SHAKEN 066L","https://cdn.cnxcdn.com/shaken/51830bb4c2.crt"
"067K","Junction Networks Inc","SHAKEN 067K","https://stir-shaken.jnctn.net/onsip-stir-shaken.pem"
"068F","Fullnet Advanced Communications Inc","Fullnet Advanced Communications Inc_1746461689005 SHAKEN 068F","https://certificates.peeringhub.io/068F/R9BZLjdJ/068F.crt"
"0734","Waldron Telephone Company","SHAKEN 0734","https://cr-partner.ccid.neustar.biz/ccid/authn/v2/certs/224.569"
"073H","Telnyx LLC","SHAKEN 073H","https://certificates.transnexus.com/073H/6ad8ad30-5604-4a9a-892a-f55fe165c02f.pem"
"073H","Telnyx LCC","SHAKEN 073H","https://certificates.transnexus.com/073H/7b2c36bd-9f11-4998-bc31-a6072680a8f2.pem"
"074K","Coztel LLC","SHAKEN 074K","https://ssc.getsipnav.com/certs/9781afd1cf591e1f693706e5f90132954ab0ec9b"
"0759","Andrew Ward Consulting LLC","SHAKEN 0759","https://certificates.clearip.com/3446023b-a4a3-4abb-a8fd-dbbd08f4a4d2/5438bb925dd572be8c40239d9a1509da.pem"
"077L","Telnextrix","Telnextrix_1736792856068 SHAKEN 077L","https://certificates.peeringhub.io/077L/IF7E6eZV/077L.crt"
"086L","Mexico IP Phone LLC","SHAKEN 086L","https://ssc.getsipnav.com/certs/bbde6c2b4a7229cca5d3b00f2a633182171dac13"
"088J","IPtelX, LLC","SHAKEN 088J","https://p.mtsec.me/2e5a/Y7IOzO461lr9.pem"
"088K","SmartTel Inc 2025","SHAKEN 088K","https://prov.smarttelinc.net/shaken/cert.pem"
"089K","Logista","SHAKEN 089K","https://cr.sansay.com/089K/429C7C70711E3820F0B8E1DEAE6FF3262264C01C.pem"
"0900","Lemonweir Valley Telephone Company","Lemonweir Valley Telephone Company SHAKEN Cert 0900","https://cdn-cr.cgah.tnsi.com/certs/a9a2447c07d34796f48eba3c111c847c93675956"
"095A","Ritter Communications","Ritter Communications SHAKEN cert 095A","https://cdn-cr.cgah.tnsi.com/certs/7721a7f2c31bb0f15ac5d46257b8c3bee1bbae6f"
"098L","Advanced Tel Inc","SHAKEN 098L","https://cr.ccid.neustar.biz/ccid/authn/v2/certs/11587.10915.pem"
"1060","Shawnee Communications","SHAKEN 1060","https://cr-partner.ccid.neustar.biz/ccid/authn/v2/certs/155.518"
"107K","Atheral","SHAKEN 107K","https://certificates.clearip.com/4ba6f296-2d7c-42c2-8fe4-12b74f5076df/43596b93186d4d6889c48ccc8e34b66c.pem"
"122D","Nex-Tech Wireless","Nex-Tech Wireless SHAKEN Cert 122D","https://cdn-cr.cgah.tnsi.com/certs/80d8452d00cdf3a5975cb2301a8dcaab3715ae57"
"123L","Navitech Solutions LLC","SHAKEN 123L","https://coztel.peeredge.com/cert/lKjXtorO.pem"
"127E","New Horizon","New Horizon SHAKEN 127E","https://cdn-cr.cgah.tnsi.com/certs/e7a4996270fb37885b8079d8ac50fa57f5db0fa1"
"128K","textPlus Inc","SHAKEN 128K","https://cr-partner.ccid.neustar.biz/ccid/authn/v2/certs/156.646"
"129L","RazorLine LLC","SHAKEN 129L","https://cr-partner.ccid.neustar.biz/ccid/authn/v2/certs/306.703"
"1358","Blue Earth Valley Telephone Inc","SHAKEN 1358","https://cr-partner.ccid.neustar.biz/ccid/authn/v2/certs/41.659"
"138K","TeleVoIPs","SHAKEN 138K","https://cr.sansay.com/138K/429C7C70711E3820F0B8E1DEAE6FF3262264C0A9.pem"
"139K","FaxLogic LLC","SHAKEN 139K","https://cdn.pgxn.net/sti/20260426.cer"
"1401","Halstad Telephone Company","SHAKEN 1401","https://cr-partner.ccid.neustar.biz/ccid/authn/v2/certs/246.578"
"141L","Eugene Perkins Group LLP","SHAKEN 141L","https://certs.telonium.net/25/cf428f5d.crt"
"142L","Kallzer Tech LLC","SHAKEN 142L","https://cdn.cnxcdn.com/shaken/07274cfa59.crt"
"1442","NUVERA","SHAKEN 1442","https://cr-partner.ccid.neustar.biz/ccid/authn/v2/certs/27.506"
"144L","Flexo Telecom LLC","SHAKEN 144L","https://certs.telonium.net/ocn/144L.crt"
"150K","White Label Communications","SHAKEN 150K","https://cr-partner.ccid.neustar.biz/ccid/authn/v2/certs/179.677"
"1556","Hartington Telecommunications Co Inc","SHAKEN 1556","https://cr-partner.ccid.neustar.biz/ccid/authn/v2/certs/281.639"
"1558","Mobius Communications Co","SHAKEN 1558","https://cr-partner.ccid.neustar.biz/ccid/authn/v2/certs/247.685"
"155L","EZ VoIP LLC","SHAKEN 155L","https://sproxy1.teleserosuite.com/155L_2025"
"1563","Hooper Telephone Company","SHAKEN 1563","https://cr-partner.ccid.neustar.biz/ccid/authn/v2/certs/208.628"
"1577","Great Plains Communications","SHAKEN 1577","https://certificates.clearip.com/5e573b0a-6141-441b-bedb-f350aa71625f/3236291ef829d1931e3ce8e35f1db3ca.pem"
"1577","Great Plains Communications","SHAKEN 1577","https://certificates.clearip.com/e5b1e8c0-a23d-472b-a310-99b1e23f16be/46950a821930fe2759366be3f58acdf3.pem"
"1577","Great Plains Communications","SHAKEN 1577","https://certificates.clearip.com/5e573b0a-6141-441b-bedb-f350aa71625f/81cb36aa1fc3ecd31a30bbe4d535dc35.pem"
"1591","Southeast Nebraska Communications, Inc","SHAKEN 1591","https://cr-partner.ccid.neustar.biz/ccid/authn/v2/certs/199.667"
"1604","Bek Communications Cooperative","SHAKEN Bek Communications Cooperative 1604","https://cr.sansay.com/1604/429C7C70711E3820F0B8E1DEAE6FF3262264A19B.pem"
"161K","9171-5573 Quebec Inc","SHAKEN 161K","https://shaken-9171-5573-quebec-inc.s3.us-east-2.amazonaws.com/pubKeys/4722b9c5.crt"
"1642","SDN","SHAKEN 1642","https://certificates.clearip.com/1214ae31-f7b7-492d-98ab-6190c6053013/b906be07d10502b6b7fc93e5a5daedda.pem"
"165L","TheSchmied LLC","TheSchmied LLC_1743452080175 SHAKEN 165L","https://certificates.peeringhub.io/165L/6VcNHkLl/165L.crt"
"171K","Voice Logic, LLC","SHAKEN 171K","https://cr-partner.ccid.neustar.biz/ccid/authn/v2/certs/164.568"
"176L","Telepars Telecommunications Corp","SHAKEN 176L","https://eon.peeredge.com/cert/LShmLxSX.pem"
"177K","Cytracom, LLC","SHAKEN 177K","https://certificates.clearip.com/8d118994-4994-4735-ac71-42c0bbb7848f/c022bcf1a45e0e16a1dbb987a9b03cfb.pem"
"1784","Segra","Segra SHAKEN Cert 1784","https://cdn-cr.cgah.tnsi.com/certs/cc9fae904b0b72958a4bbbcb4c068c738dd67f1c"
"178H","Intelepeer CC LLC","SHAKEN 178H","https://cr.ccid.neustar.biz/ccid/authn/v2/certs/11551.10926.pem"
"178L","UTEL USA LLC","SHAKEN 178L","https://eon.peeredge.com/cert/LHBPGlEG.pem"
"1821","InPhonex","SHAKEN InPhonex 1821","https://cr.sansay.com/1821/429C7C70711E3820F0B8E1DEAE6FF3262264B2E0.pem"
"1826","Nex-Tech, LLC","SHAKEN 1826","https://certificates.clearip.com/2fb590ef-1300-4481-b00c-164b447c8c08/eb19e1337bd604d6b84f833a38a4a49b.pem"
"183L","Nationwide Telecom Inc","SHAKEN 183L","https://eon.peeredge.com/cert/A8lQtFlk.pem"
"1845","Wamego Telecommunications Company Inc","SHAKEN 1845","https://cr-partner.ccid.neustar.biz/ccid/authn/v2/certs/39.688"
"186K","Go2Uno LLC","SHAKEN 186K","https://go2uno.46labs.com/go2uno.pem"
"187J","Alvaria","SHAKEN 187J","https://cr.sansay.com/187J/429C7C70711E3820F0B8E1DEAE6FF3262264CB7C.pem"
"187L","Nikoo Incorporated","SHAKEN 187L","https://eon.peeredge.com/cert/Khz0m1yD.pem"
"1882","Fidelity Communications","Fidelity Communications SHAKEN Cert 1882","https://cdn-cr.cgah.tnsi.com/certs/514fb1f7a1891a792528e0cf023b424c55ddb2cd"
"188L","TeleOneTen Inc","SHAKEN 188L","https://eon.peeredge.com/cert/qsWAQxa6.pem"
"193E","8x8 Inc","SHAKEN 193E","https://cr.ccid.neustar.biz/ccid/authn/v2/certs/11484.10794.pem"
"193E","8x8 Inc","SHAKEN 193E","https://certificates.transnexus.com/193E/420bca81-7d60-485a-abde-57fd5f1f4804.pem"
"193E","8x8 Inc","SHAKEN 193E","https://certificates.transnexus.com/193E/ab57deba-96b9-4605-a505-ae0c1386c6a4.pem"
"195L","PHD Communications","SHAKEN 195L","https://cr.sansay.com/195L/429C7C70711E3820F0B8E1DEAE6FF3262264C7BA.pem"
"197D","Vonage","SHAKEN 197D","https://cr.ccid.neustar.biz/ccid/authn/v2/certs/12895.10792.pem"
"198K","TalkAsiaVoip LLC","TalkAsiaVoip LLC_1743685125410 SHAKEN 198K","https://certificates.peeringhub.io/198K/LUS6D9e6/198K.crt"
"2018","Pioneer Telephone Cooperative Inc","SHAKEN 2018","https://cr.ccid.neustar.biz/ccid/authn/v2/certs/11144.10895.pem"
"203K","Connexum LLC","SHAKEN 203K Connexum LLC","https://cr.sansay.com/203K/429C7C70711E3820F0B8E1DEAE6FF3262264A77B.pem"
"2068","Eastex","Eastex SHAKEN 2068","https://prod001-prod011-cr.rbbnidhub.com/T0ezuXpngz/STI-202501-2068-53673fcbb195a3d849fa879fbece43d4"
"2071","Five Area Telephone Cooperative","Five Area Telephone SHAKEN Cert 2071","https://cdn-cr.cgah.tnsi.com/certs/738466bb39439e11398346bd5b0156a486803683"
"210J","Greenfly Networks Inc dba Clearfly Communications","SHAKEN Greenfly Networks Inc dba Clearfly Communications 210J","https://cr.sansay.com/210J/429C7C70711E3820F0B8E1DEAE6FF3262264CBEE.pem"
"210J","Greenfly Networks Inc dba Clearfly Communications","SHAKEN Greenfly Networks Inc dba Clearfly Communications 210J","https://cr.sansay.com/210J/429C7C70711E3820F0B8E1DEAE6FF3262264CAE7.pem"
"210J","Greenfly Networks Inc dba Clearfly Communications","SHAKEN Greenfly Networks Inc dba Clearfly Communications 210J","https://cr.sansay.com/210J/429C7C70711E3820F0B8E1DEAE6FF3262264CB0B.pem"
"210J","Greenfly Networks Inc dba Clearfly Communications","SHAKEN Greenfly Networks Inc dba Clearfly Communications 210J","https://cr.sansay.com/210J/429C7C70711E3820F0B8E1DEAE6FF3262264CBCD.pem"
"210J","Greenfly Networks Inc dba Clearfly Communications","SHAKEN Greenfly Networks Inc dba Clearfly Communications 210J","https://cr.sansay.com/210J/429C7C70711E3820F0B8E1DEAE6FF3262264CBAA.pem"
"210J","Greenfly Networks Inc dba Clearfly Communications","SHAKEN Greenfly Networks Inc dba Clearfly Communications 210J","https://cr.sansay.com/210J/429C7C70711E3820F0B8E1DEAE6FF3262264CB54.pem"
"210J","Greenfly Networks Inc dba Clearfly Communications","SHAKEN Greenfly Networks Inc dba Clearfly Communications 210J","https://cr.sansay.com/210J/429C7C70711E3820F0B8E1DEAE6FF3262264CA5B.pem"
"210J","Greenfly Networks Inc dba Clearfly Communications","SHAKEN Greenfly Networks Inc dba Clearfly Communications 210J","https://cr.sansay.com/210J/429C7C70711E3820F0B8E1DEAE6FF3262264CAA2.pem"
"210J","Greenfly Networks Inc dba Clearfly Communications","SHAKEN Greenfly Networks Inc dba Clearfly Communications 210J","https://cr.sansay.com/210J/429C7C70711E3820F0B8E1DEAE6FF3262264CA7F.pem"
"210J","Greenfly Networks Inc dba Clearfly Communications","SHAKEN Greenfly Networks Inc dba Clearfly Communications 210J","https://cr.sansay.com/210J/429C7C70711E3820F0B8E1DEAE6FF3262264CB2E.pem"
"210J","Greenfly Networks Inc dba Clearfly Communications","SHAKEN Greenfly Networks Inc dba Clearfly Communications 210J","https://cr.sansay.com/210J/429C7C70711E3820F0B8E1DEAE6FF3262264CAC4.pem"
"210J","Greenfly Networks Inc dba Clearfly Communications","SHAKEN Greenfly Networks Inc dba Clearfly Communications 210J","https://cr.sansay.com/210J/429C7C70711E3820F0B8E1DEAE6FF3262264CC94.pem"
"210J","Greenfly Networks Inc dba Clearfly Communications","SHAKEN Greenfly Networks Inc dba Clearfly Communications 210J","https://cr.sansay.com/210J/429C7C70711E3820F0B8E1DEAE6FF3262264CCB7.pem"
"210J","Greenfly Networks Inc dba Clearfly Communications","SHAKEN Greenfly Networks Inc dba Clearfly Communications 210J","https://cr.sansay.com/210J/429C7C70711E3820F0B8E1DEAE6FF3262264CC72.pem"
"210J","Greenfly Networks Inc dba Clearfly Communications","SHAKEN Greenfly Networks Inc dba Clearfly Communications 210J","https://cr.sansay.com/210J/429C7C70711E3820F0B8E1DEAE6FF3262264CC51.pem"
"210J","Greenfly Networks Inc dba Clearfly Communications","SHAKEN Greenfly Networks Inc dba Clearfly Communications 210J","https://cr.sansay.com/210J/429C7C70711E3820F0B8E1DEAE6FF3262264CCDE.pem"
"210J","Greenfly Networks Inc dba Clearfly Communications","SHAKEN Greenfly Networks Inc dba Clearfly Communications 210J","https://cr.sansay.com/210J/429C7C70711E3820F0B8E1DEAE6FF3262264CA37.pem"
"210J","Greenfly Networks Inc dba Clearfly Communications","SHAKEN Greenfly Networks Inc dba Clearfly Communications 210J","https://cr.sansay.com/210J/429C7C70711E3820F0B8E1DEAE6FF3262264CD47.pem"
"210J","Greenfly Networks Inc dba Clearfly Communications","SHAKEN Greenfly Networks Inc dba Clearfly Communications 210J","https://cr.sansay.com/210J/429C7C70711E3820F0B8E1DEAE6FF3262264CC31.pem"
"214K","Kloud 7 LLC","SHAKEN 214K","https://cr.sansay.com/214K/429C7C70711E3820F0B8E1DEAE6FF3262264BFF7.pem"
"217L","Nationwide Telecom Inc - Canada","SHAKEN 217L","https://eon.peeredge.com/cert/s17bdPXJ.pem"
"219H","Network Enhanced Telecom LLP","SHAKEN 219H","https://certificates.transnexus.com/219H/41fb1926-017a-4159-af36-bfadb1eb29de.pem"
"219K","Avaya Cloud Inc","SHAKEN 219K","https://cr.ccid.neustar.biz/ccid/authn/v2/certs/11553.10760.pem"
"2231","Project Mutual","Project Mutual SHAKEN Cert 2231","https://cdn-cr.cgah.tnsi.com/certs/d4e575ce3348a47b80616aae48c240808772df2d"
"2235","Blackfoot Communications","Blackfoot Communications SHAKEN Cert 2235","https://cdn-cr.cgah.tnsi.com/certs/bc1696dd44b2d632822353b64e87d310d5fd7bf4"
"223L","VoxStrom LLC","SHAKEN 223L","https://cdn.cnxcdn.com/shaken/2b68e1ea3c.crt"
"2246","Mid-Rivers Telephone Coop","Mid-Rivers Telephone Coop SHAKEN 2246","https://cdn-cr.cgah.tnsi.com/certs/140cb0f2a2c837ef48ff430ab29e4b24599743d5"
"2247","Nemont Telephone Cooperative Inc","Nemont SHAKEN 2247","https://cdn-cr.cgah.tnsi.com/certs/6391f2249c27f88e11aef29333b4bc382cdc154e"
"224C","Onvoy, LLC","SHAKEN 224C","https://cr-partner.ccid.neustar.biz/ccid/authn/v2/certs/1.595"
"2255","3 Rivers Communications","3 Rivers Communications SHAKEN Cert 2255","https://cdn-cr.cgah.tnsi.com/certs/b88b96ada796369ea38b5f4a4d83851f50560e74"
"225L","Telecomez Corp","SHAKEN 225L","https://eon.peeredge.com/cert/84fIjtNe.pem"
"2297","Union Telephone Company","Union Telephone Company SHAKEN 2297","https://cdn-cr.cgah.tnsi.com/certs/15af00a5f4965617a4b01a66dfa46df0c93f7da0"
"235C","Pine Cellular Phones","SHAKEN 235C","https://cr-partner.ccid.neustar.biz/ccid/authn/v2/certs/257.589"
"235K","TeligentIP Inc","SHAKEN 235K","https://cr.ccid.neustar.biz/ccid/authn/v2/certs/11545.10431.pem"
"241L","BF Communications Inc","SHAKEN 241L","https://eon.peeredge.com/cert/2H2gpNwN.pem"
"242L","ULTATEL LLC","SHAKEN 242L","https://cdn.ultatel.com/shaken.pem"
"2452","Whidbey Telephone Company","Whidbey Telephone Company SHAKEN Cert 2452","https://cdn-cr.cgah.tnsi.com/certs/4b8c18a5a68450eb480b9727e86382fdaa4afa66"
"2455","Benkelman Telephone Co Inc","SHAKEN 2455","https://cr-partner.ccid.neustar.biz/ccid/authn/v2/certs/242.559"
"2473","Frontier Communications","SHAKEN 2473","https://cr.ccid.neustar.biz/ccid/authn/v2/certs/11022.10797.pem"
"250A","Chariton Valley Communications Corporation","Chariton Valley SHAKEN 250A","https://cdn-cr.cgah.tnsi.com/certs/5059f73c1bde1cdf7d280f005cc7a0ba008c1e59"
"254H","GTT Americas LLC","SHAKEN 254H","https://cr.ccid.neustar.biz/ccid/authn/v2/certs/11404.10425.pem"
"255K","MAQS Solutions LLC","MAQS Solutions LLC_1748114156658 SHAKEN 255K","https://certificates.peeringhub.io/255K/tDGE7FI4/255K.crt"
"2720","Fusion Connect","SHAKEN 2720","https://prod001-cr.rbbnidhub.com/8ZJdVFg7gz/1"
"278K","OIT","SHAKEN 278K","https://certificates.clearip.com/36952c34-78d8-4c32-9499-188a418f31ba/3f7bf2da7fba24bf001fa25191257560.pem"
"279K","Infinity Sip","Infinity Sip_1743019587569 SHAKEN 279K","https://certs.icallr.com/279K/infinitysip.pem"
"280K","Belgacom International Carrier Services SA","SHAKEN 280K","https://cr-partner.ccid.neustar.biz/ccid/authn/v2/certs/207.661"
"281K","INSTACALL","INSTACALL LLC_1737586625863 SHAKEN 281K","https://cr.46labs.com/cr/instacall/instacall.pem"
"288K","Apex","Apex Teleocm LLC_1732515132751 SHAKEN 288K","https://sproxy1.teleserosuite.com/288K_2025"
"299K","Weave","SHAKEN 299K","https://certificates.transnexus.com/299K/b19a5d8b-560e-4014-80c9-bd2085136af6.pem"
"312K","AMCS LLC","SHAKEN 312K","https://cr-partner.ccid.neustar.biz/ccid/authn/v2/certs/279.617"
"3139","Dalton Utilities","SHAKEN Dalton Utilities 3139","https://cr.sansay.com/3139/429C7C70711E3820F0B8E1DEAE6FF3262264B5C2.pem"
"313K","CIMA Telecom, Inc","SHAKEN CIMA Telecom, Inc 313K","https://cr.sansay.com/313K/429C7C70711E3820F0B8E1DEAE6FF3262264CB5A.pem"
"318J","Comcast","SHAKEN 318J","https://sticr.stir.comcast.com/8e8f1fb0-c71b-4d45-a17e-7b60f590018d.pem"
"318J","Comcast","SHAKEN 318J","https://sticr.stir.comcast.com/1a7efa3a-4195-41e1-9364-e4105681f044.pem"
"318J","Comcast","SHAKEN 318J","https://sticr.stir.comcast.com/4aa95bd3-187a-41b5-87bb-76be088c08bb.pem"
"318J","Comcast","SHAKEN 318J","https://sticr.stir.comcast.com/da244859-384b-459d-8380-30e43e6831d6.pem"
"318J","Comcast","SHAKEN 318J","https://sticr.stir.comcast.com/77029d5a-14c8-4b61-9e45-fe7783686b23.pem"
"318J","Comcast","SHAKEN 318J","https://sticr.stir.comcast.com/58a641ce-b45f-473a-9fa4-270b80a99cca.pem"
"318J","Comcast","SHAKEN 318J","https://sticr.stir.comcast.com/9d3a9bd1-f4f9-43ef-920a-bbcd0b02cb18.pem"
"318J","Comcast","SHAKEN 318J","https://sticr.stir.comcast.com/f7e1c152-98df-45d1-8548-27ea82b993b3.pem"
"318J","Comcast","SHAKEN 318J","https://sticr.stir.comcast.com/4de2d6f3-718d-4526-a737-83c4d1d77138.pem"
"318J","Comcast","SHAKEN 318J","https://sticr.stir.comcast.com/9626b776-63ae-405b-a65d-707c17ea51d8.pem"
"318J","Comcast","SHAKEN 318J","https://sticr.stir.comcast.com/d5dfa7eb-87b1-4697-acfb-3e86f496ab0d.pem"
"318J","Comcast","SHAKEN 318J","https://sticr.stir.comcast.com/b465155a-6126-466f-bd92-ac1a6abc6466.pem"
"318J","Comcast","SHAKEN 318J","https://sticr.stir.comcast.com/cb206185-4431-4f6f-8e81-47e0562ef274.pem"
"318J","Comcast","SHAKEN 318J","https://sticr.stir.comcast.com/0e998d48-bffd-4b8d-8b76-2721595f9f42.pem"
"318J","Comcast","SHAKEN 318J","https://sticr.stir.comcast.com/af557fc1-ae66-40c8-aa63-e81d44ecddf4.pem"
"318J","Comcast","SHAKEN 318J","https://sticr.stir.comcast.com/dd373779-4217-4a40-a2a5-ad55a647fc8c.pem"
"318J","Comcast","SHAKEN 318J","https://sticr.stir.comcast.com/6e2d52bc-2023-4df5-a939-2ad79f366b71.pem"
"318J","Comcast","SHAKEN 318J","https://sticr.stir.comcast.com/73fa5d1f-bf04-41ad-abfe-427e0c68c40b.pem"
"318J","Comcast","SHAKEN 318J","https://sticr.stir.comcast.com/221fbad7-dd8d-4eaf-bfd3-e0c226fefd42.pem"
"318J","Comcast","SHAKEN 318J","https://sticr.stir.comcast.com/e358dced-c6a7-46e7-af66-2f38824a25b5.pem"
"318J","Comcast","SHAKEN 318J","https://sticr.stir.comcast.com/3e6d38f0-0181-4b42-bf6f-e1f54419050b.pem"
"318J","Comcast","SHAKEN 318J","https://sticr.stir.comcast.com/060ef768-0fa3-428d-9991-2450aa2bb963.pem"
"318J","Comcast","SHAKEN 318J","https://sticr.stir.comcast.com/c709cdd1-94dc-4f06-ad06-2e82fbb926ab.pem"
"318J","Comcast","SHAKEN 318J","https://sticr.stir.comcast.com/66a7bf3b-a828-4566-bf72-7cb05608ec93.pem"
"318J","Comcast","SHAKEN 318J","https://sticr.stir.comcast.com/1b1c1f00-9541-42c7-b7a6-06a46ee65010.pem"
"318J","Comcast","SHAKEN 318J","https://sticr.stir.comcast.com/0b0c33b7-4e27-46fe-99f7-eb11afcf70ad.pem"
"318J","Comcast","SHAKEN 318J","https://sticr.stir.comcast.com/887f9746-ee43-4798-827a-bcc71b53c810.pem"
"318J","Comcast","SHAKEN 318J","https://sticr.stir.comcast.com/1f02dc41-1c94-46a0-a5e7-7c1b20cabfa7.pem"
"321J","HD CARRIER LLC","HD CARRIER LLC","https://d64db847f381fcb974ab1b6150b49a91.cxstatic.com/f/0d39a8ae-f0da-4f3c-87e7-1e0a41981853"
"321K","Talk IT Pro","SHAKEN 321K","https://cr.sansay.com/321K/429C7C70711E3820F0B8E1DEAE6FF3262264BFF0.pem"
"324E","MagicJack","SHAKEN MagicJack 324E","https://sns.magicjack.com/MagicJack_2511_324E.crt"
"324E","MagicJack","SHAKEN 324E","https://sns.magicjack.com/Magicjack_2602_324E.crt"
"327K","Priority Communications","Priority Communications SHAKEN Cert 327K","https://cdn-cr.cgah.tnsi.com/certs/1a0286ffe0ccbae396beddec370748d2bb0af933"
"3332","Vermont Telephone Company, Inc.","Vermont Telephone Company Inc SHAKEN Cert 3332","https://cdn-cr.cgah.tnsi.com/certs/a61dd4bdaec6164b6bf30c1fd3d6834d49e10a93"
"333K","Aovatalk Communications Limited","SHAKEN 333K","https://cr.veriswitch.com/aovatalk/953c1f51a6ac0ac07ee5001c12f67675.cer"
"3395","PNG Telecommunications Inc","SHAKEN 3395","https://cr.sansay.com/3395/429C7C70711E3820F0B8E1DEAE6FF3262264CB80.pem"
"3395","PNG Telecommunications Inc","SHAKEN 3395","https://cr.sansay.com/3395/429C7C70711E3820F0B8E1DEAE6FF3262264C2B3.pem"
"345J","Ooma Inc","SHAKEN 345J","https://certificates.transnexus.com/345J/9d96d9cc-5bc1-405e-a17c-94466e47a695.pem"
"345J","Ooma Inc","SHAKEN 345J","https://certificates.transnexus.com/345J/5e68f19d-6982-42a0-8161-79c9f9677b76.pem"
"345J","Ooma Inc","SHAKEN 345J","https://certificates.transnexus.com/345J/06c31a42-9949-4290-931c-4e6b2ab7c02e.pem"
"348K","Pinger Inc","SHAKEN 348K","https://cr-partner.ccid.neustar.biz/ccid/authn/v2/certs/235.513"
"351K","Dorial Telecom, LLC","SHAKEN 351K","https://cr.sansay.com/351K/429C7C70711E3820F0B8E1DEAE6FF3262264C032.pem"
"363A","IDT America, Corp","SHAKEN IDT America, Corp 363A","https://cr.sansay.com/363A/429C7C70711E3820F0B8E1DEAE6FF3262264CC8B.pem"
"363A","IDT America, Corp","SHAKEN IDT America, Corp 363A","https://cr.sansay.com/363A/429C7C70711E3820F0B8E1DEAE6FF3262264CCAF.pem"
"363A","IDT America, Corp","SHAKEN IDT America, Corp 363A","https://cr.sansay.com/363A/429C7C70711E3820F0B8E1DEAE6FF3262264CA99.pem"
"363A","IDT America, Corp","SHAKEN IDT America, Corp 363A","https://cr.sansay.com/363A/429C7C70711E3820F0B8E1DEAE6FF3262264CDAC.pem"
"363A","IDT America, Corp","SHAKEN IDT America, Corp 363A","https://cr.sansay.com/363A/429C7C70711E3820F0B8E1DEAE6FF3262264CBC7.pem"
"363A","IDT America, Corp","SHAKEN IDT America, Corp 363A","https://cr.sansay.com/363A/429C7C70711E3820F0B8E1DEAE6FF3262264CABA.pem"
"363A","IDT America, Corp","SHAKEN IDT America, Corp 363A","https://cr.sansay.com/363A/429C7C70711E3820F0B8E1DEAE6FF3262264CB47.pem"
"363A","IDT America, Corp","SHAKEN IDT America, Corp 363A","https://cr.sansay.com/363A/429C7C70711E3820F0B8E1DEAE6FF3262264CC49.pem"
"363A","IDT America, Corp","SHAKEN IDT America, Corp 363A","https://cr.sansay.com/363A/429C7C70711E3820F0B8E1DEAE6FF3262264CA07.pem"
"363A","IDT America, Corp","SHAKEN IDT America, Corp 363A","https://cr.sansay.com/363A/429C7C70711E3820F0B8E1DEAE6FF3262264CD88.pem"
"363A","IDT America, Corp","SHAKEN IDT America, Corp 363A","https://cr.sansay.com/363A/429C7C70711E3820F0B8E1DEAE6FF3262264CBA4.pem"
"363A","IDT America, Corp","SHAKEN IDT America, Corp 363A","https://cr.sansay.com/363A/429C7C70711E3820F0B8E1DEAE6FF3262264CBE8.pem"
"363A","IDT America, Corp","SHAKEN IDT America, Corp 363A","https://cr.sansay.com/363A/429C7C70711E3820F0B8E1DEAE6FF3262264CC68.pem"
"363A","IDT America, Corp","SHAKEN IDT America, Corp 363A","https://cr.sansay.com/363A/429C7C70711E3820F0B8E1DEAE6FF3262264CD62.pem"
"363A","IDT America, Corp","SHAKEN IDT America, Corp 363A","https://cr.sansay.com/363A/429C7C70711E3820F0B8E1DEAE6FF3262264CB6C.pem"
"363A","IDT America, Corp","SHAKEN IDT America, Corp 363A","https://cr.sansay.com/363A/429C7C70711E3820F0B8E1DEAE6FF3262264CCD3.pem"
"366G","USA Digital","SHAKEN 366G","https://certificates.transnexus.com/366G/83363f8c-c945-4109-87ea-7e91740bb77a.pem"
"366G","USA Digital","SHAKEN 366G","https://certificates.transnexus.com/366G/2d921d50-0fc9-41ee-b265-a6529fe26386.pem"
"3704","TEC of Jackson","SHAKEN 3704","https://certificates.clearip.com/94d93edb-3229-4be8-b1ae-79c020c2fd95/632ecf821b594271a556069b9ceee4cc.pem"
"382G","Terra Nova Telecom","SHAKEN 382G","https://cr.tntelecom.net/382G-2025.pem"
"3849","Magna5, LLC","SHAKEN 3849","https://cr.sansay.com/3849/429C7C70711E3820F0B8E1DEAE6FF3262264CB85.pem"
"388K","ConvergeTel LLC","SHAKEN 388K","https://cr.sansay.com/388K/429C7C70711E3820F0B8E1DEAE6FF3262264C020.pem"
"389K","VOIP OFFICE","SHAKEN VOIP OFFICE.COM LLC 389K","https://voucs.voipoffice.com/stirshaken/389K.chain.crt.pem"
"393J","Cloudli Communications Inc","SHAKEN 393J","https://cr.ccid.neustar.biz/ccid/authn/v2/certs/11508.10888.pem"
"393K","Genesys Telecom US","SHAKEN 393K","https://cr.ccid.neustar.biz/ccid/authn/v2/certs/11983.10935.pem"
"402E","IP Networked Services Inc","SHAKEN 402E","https://cr.ccid.neustar.biz/ccid/authn/v2/certs/11518.10928.pem"
"4036","AT&T Services, Inc.","SHAKEN 4036","https://cert2.sticr.att.net:8443/sti-cr/att-stica1719858820982-cert.crt"
"4036","ATT","SHAKEN 4036","https://cert.sticr.att.net:8443/certs/att/38ee3b4b-2902-40e8-aa31-e986de9e17ac"
"403K","Grasshopper Group LLC","SHAKEN 403K","https://pstn-cdn.live.gtc.goto.com/certs/stirshaken/gh-2025-10"
"406H","CyberNet Communications Inc","SHAKEN 406H","https://cr-partner.ccid.neustar.biz/ccid/authn/v2/certs/37.721"
"4130","Allstream Business US, LLC","Allstream SHAKEN 4130","https://cert-stir-us.allstream.com/certs/allstreamcertchain.crt"
"4151","Windstream Communications LLC","SHAKEN 4151","https://cr.ccid.neustar.biz/ccid/authn/v2/certs/11186.10429.pem"
"418c","Armstrong Telecommunications Inc","SHAKEN 418c","https://cr.ccid.neustar.biz/ccid/authn/v2/certs/11114.10884.pem"
"433E","Sonic","Sonic Telecom SHAKEN 433E","https://crs.qcall.sonic.net/certs/Sonic2024certchain.pem"
"4427","Ziply Fiber","SHAKEN 4427","https://cr.ccid.neustar.biz/ccid/authn/v2/certs/11128.10904.pem"
"442K","Meta-Lynk LLC","SHAKEN 442K","https://cdn.cnxcdn.com/shaken/bdd4efd9d4.crt"
"444G","Aureon","SHAKEN 444G","https://certificates.clearip.com/d61e8937-0b43-4828-9876-81561d25f1de/f27fc381ea7133c37c505f5d5e716040.pem"
"455J","Mobex","SHAKEN 455J","https://cr-partner.ccid.neustar.biz/ccid/authn/v2/certs/300.641"
"455K","Cloud Connect LLC","SHAKEN 455K Cloud Connect LLC","https://sproxy1.teleserosuite.com/Cloud_Connect_LLC_2025_2"
"458K","Perfect Network LLC","Perfect Network LLC_1722634425181 SHAKEN 458K","https://certificates.peeringhub.io/458K/cdst3ejQ/458K.crt"
"4632","TelNet Worldwide Inc","SHAKEN 4632","https://certificates.transnexus.com/4632/26210141-df5e-43f7-b536-07f6e6d8df58.pem"
"4632","TelNet Worldwide Inc","SHAKEN 4632","https://certificates.transnexus.com/4632/887ba31e-3b10-4ab8-993a-1aa1e45ffaf4.pem"
"463K","Godaddy","SHAKEN 463K","https://cr.sansay.com/463K/429C7C70711E3820F0B8E1DEAE6FF3262264C198.pem"
"465J","LiveVox Inc","SHAKEN 465J","https://stir.na3.livevox.com/cert/R9ffltfL"
"472C","Everstream","Everstream SHAKEN 472C","https://cdn-cr.cgah.tnsi.com/certs/b1bc161ddcafa35c5036dfe9b37e9b7bc16c5bcd"
"473G","Telengy LLC","SHAKEN 473G","https://cr.ccid.neustar.biz/ccid/authn/v2/certs/11538.10900.pem"
"473K","United Technology Group, Inc","SHAKEN 473K","https://r.stir.tel/473K/260206155436Z/cert.pem"
"4852","Firstcomm","SHAKEN 4852","https://cr.ccid.neustar.biz/ccid/authn/v2/certs/11168.10898.pem"
"490J","Dish Wireless","DISH Wireless L.L.C.SHAKEN.490J","https://stsh.dish-wireless.com/pubsti.pem"
"4913","Vexus Fiber","Vexus Fiber SHAKEN Cert 4913","https://cdn-cr.cgah.tnsi.com/certs/97be1f553890f85d8a8bf06683588ce5061742f3"
"493K","ComTelus Inc. ","SHAKEN 493K","https://cr.sansay.com/493K/429C7C70711E3820F0B8E1DEAE6FF3262264C49D.pem"
"495K","HelloSpoke","SHAKEN 495K","https://certificates.clearip.com/ae397985-0ec2-4bcf-b83f-d4a0ed9351d9/49f35f0640308be73f7163e03f1dfe2a.pem"
"500J","GoTo Communication","SHAKEN 500J","https://pstn-cdn.live.gtc.goto.com/certs/stirshaken/goto-2025-07"
"502E","AccessLine Communications Corp","SHAKEN 502E","https://sscerts.accessline.com/sscerts/Cert-US-04-2025.crt"
"502J","Piratel LLC","SHAKEN 502J","https://certificates.piratel.com/piratel_20240813.crt"
"505J","HFA Services LLC dba Call48","SHAKEN 505J","https://certificates.transnexus.com/505J/5a4dc313-187c-4209-ac3b-ecc04bb53be4.pem"
"505J","HFA Services LLC dba Call48","SHAKEN 505J","https://certificates.transnexus.com/505J/68edb231-67c1-4460-a2c9-cc461aa2fdc8.pem"
"506J","Twilio International Inc","SHAKEN 506J","https://cr.ccid.neustar.biz/ccid/authn/v2/certs/11604.10770.pem"
"508K","Tata Communications (America) Inc","SHAKEN 508K","https://cr.ccid.neustar.biz/ccid/authn/v2/certs/11594.10433.pem"
"510J","Simwood Inc","SHAKEN 510J","https://cdn.simwood.com/shaken/simwood.crt"
"5113","Consolidated Communications","SHAKEN 5113","https://cr.sansay.com/5113/429C7C70711E3820F0B8E1DEAE6FF3262264CB74.pem"
"520F","digitalIpvoice Inc","SHAKEN 520F","https://x3x.us/jaoe0qp/9"
"521F","ENA","ENA SHAKEN 521F","https://cdn-cr.cgah.tnsi.com/certs/7aa8c4e2c803fd15d04bf92150cb33500ec60820"
"521K","Voice SY LLC","SHAKEN 521K","https://voice.peeredge.com/cert/rvXrJQSz.pem"
"525G","Telebroad","SHAKEN 525G","https://cr.sansay.com/525G/429C7C70711E3820F0B8E1DEAE6FF3262264C9A2.pem"
"525K","AU Telecom","SHAKEN 525K","https://ssc.getsipnav.com/certs/0a31260426020902a005c5dcd884b592b83f62e2"
"534J","UComTel Inc","SHAKEN 534J","https://cr-partner.ccid.neustar.biz/ccid/authn/v2/certs/145.485"
"537K","iBasis, Inc","SHAKEN 537K","https://cr.ccid.neustar.biz/ccid/authn/v2/certs/11592.10943.pem"
"5447","Access One Inc","SHAKEN 5447","https://cr.ccid.neustar.biz/ccid/authn/v2/certs/11528.10883.pem"
"546J","TRUSTID Inc","SHAKEN 546J","https://cr.ccid.neustar.biz/ccid/authn/v2/certs/11148.10885.pem"
"548J","Quality Voice & Data Inc.","SHAKEN 548J Quality Voice & Data Inc.","https://cr.sansay.com/548J/429C7C70711E3820F0B8E1DEAE6FF3262264BCFD.pem"
"5493","Netcarrier Telecom Inc","SHAKEN 5493","https://cr-partner.ccid.neustar.biz/ccid/authn/v2/certs/95.610"
"551G","Brightlink Communications LLC","SHAKEN 551G","https://certificates.transnexus.com/551G/d3a32bd8-dcb0-4434-820f-59af0a54bced.pem"
"554J","Jivetel LLC","SHAKEN 554J","https://cr.ccid.neustar.biz/ccid/authn/v2/certs/11556.10423.pem"
"554a","Socket Telecom LLC","SHAKEN Socket Telecom LLC 554a","https://cr.sansay.com/554a/429C7C70711E3820F0B8E1DEAE6FF3262264CD8E.pem"
"554a","Socket Telecom LLC","SHAKEN Socket Telecom LLC 554a","https://cr.sansay.com/554a/429C7C70711E3820F0B8E1DEAE6FF3262264CD69.pem"
"554a","Socket Telecom LLC","SHAKEN Socket Telecom LLC 554a","https://cr.sansay.com/554a/429C7C70711E3820F0B8E1DEAE6FF3262264CBA8.pem"
"554a","Socket Telecom LLC","SHAKEN Socket Telecom LLC 554a","https://cr.sansay.com/554a/429C7C70711E3820F0B8E1DEAE6FF3262264CA31.pem"
"557F","Lightspeed Voice","SHAKEN Lightspeed Voice 557F","https://cr.sansay.com/557F/429C7C70711E3820F0B8E1DEAE6FF3262264CC95.pem"
"558J","MYPBXManager LLC","MYPBXManager SHAKEN","https://www.mypbxmanager.net/local/PubShakenCert.crt"
"558a","D&P Communications","SHAKEN 558a","https://cr.ccid.neustar.biz/ccid/authn/v2/certs/11569.10725.pem"
"5606","Charter Communications, Inc.","SHAKEN 5606","https://shaken.spectrum.com/a9214dea8d75b74eb4717f01ceecf0ad.cer"
"563j","Threshold Communications Inc","SHAKEN 563j","https://cr.sansay.com/563j/429C7C70711E3820F0B8E1DEAE6FF3262264CB73.pem"
"567G","Teliax Inc","SHAKEN 567G","https://cr.ccid.neustar.biz/ccid/authn/v2/certs/11316.10798.pem"
"573J","Voyant Communications, LLC","SHAKEN 573J","https://cr-partner.ccid.neustar.biz/ccid/authn/v2/certs/49.762"
"577F","Ringsquared","SHAKEN 577F","https://certificates.transnexus.com/577F/a1684f5c-58ae-4335-9810-1ee044808cc0.pem"
"577F","Ringsquared","SHAKEN 577F","https://certificates.transnexus.com/577F/5ce9c39c-89d4-4718-be98-eddee48ad21c.pem"
"578J","Call Tools Inc","SHAKEN 578J","https://certificates.transnexus.com/578J/6389f7f5-aad0-4389-903d-a555d5169939.pem"
"579K","Mango Voice LLC","SHAKEN Mango Voice LLC 579K","https://cr.sansay.com/579K/429C7C70711E3820F0B8E1DEAE6FF3262264CDB6.pem"
"579K","Mango Voice LLC","SHAKEN Mango Voice LLC 579K","https://cr.sansay.com/579K/429C7C70711E3820F0B8E1DEAE6FF3262264CB8B.pem"
"579K","Mango Voice LLC","SHAKEN Mango Voice LLC 579K","https://cr.sansay.com/579K/429C7C70711E3820F0B8E1DEAE6FF3262264CD6D.pem"
"579K","Mango Voice LLC","SHAKEN Mango Voice LLC 579K","https://cr.sansay.com/579K/429C7C70711E3820F0B8E1DEAE6FF3262264CC53.pem"
"579K","Mango Voice LLC","SHAKEN Mango Voice LLC 579K","https://cr.sansay.com/579K/429C7C70711E3820F0B8E1DEAE6FF3262264CC33.pem"
"579K","Mango Voice LLC","SHAKEN Mango Voice LLC 579K","https://cr.sansay.com/579K/429C7C70711E3820F0B8E1DEAE6FF3262264CB50.pem"
"579K","Mango Voice LLC","SHAKEN Mango Voice LLC 579K","https://cr.sansay.com/579K/429C7C70711E3820F0B8E1DEAE6FF3262264CAA1.pem"
"579K","Mango Voice LLC","SHAKEN Mango Voice LLC 579K","https://cr.sansay.com/579K/429C7C70711E3820F0B8E1DEAE6FF3262264CA7C.pem"
"5807","Verizon Data Services LLC","SHAKEN 5807","https://sti.verizon.com/vzwcert/vzshakenG-01-2026.pem"
"583J","Broadband Dynamics LLC","SHAKEN 583J Broadband Dynamics LLC","https://cr.sansay.com/583J/429C7C70711E3820F0B8E1DEAE6FF3262264BA80.pem"
"5869","Syringa Networks","Syringa Networks SHAKEN 5869","https://cdn-cr.cgah.tnsi.com/certs/a29eefd5fda0c02556423cceaea87deb5e9401d9"
"586K","Jaintel","Jaintel LLC SHAKEN 586K","https://jaintel.46labs.com/jaintel.pem"
"590J","Star2Star Communications, LLC","SHAKEN Star2Star Communications, LLC 590J","https://cr.sansay.com/590J/429C7C70711E3820F0B8E1DEAE6FF3262264AF3E.pem"
"596J","Nobelbiz, Inc.","SHAKEN 596J","https://cr.sansay.com/596J/429C7C70711E3820F0B8E1DEAE6FF3262264CB7E.pem"
"597F","VoIP Innovations","SHAKEN 597F","https://ssc.getsipnav.com/certs/0cefca1faca6441ad0a2a49a4bd07426e9a8ed8d"
"597J","Voxtelesys","SHAKEN 597J","https://certificates.transnexus.com/597J/8f1529ee-2db6-44f1-b155-3434a0b86ee5.pem"
"598J","Five9 Inc","SHAKEN 598J","https://cr.ccid.neustar.biz/ccid/authn/v2/certs/11200.10914.pem"
"599J","Technology Innovation Lab","SHAKEN 599J Technology Innovation Lab","https://certificates.smartcarrier.io/bc8a54f95e4549bc87884594162cf9402a907fd5.cer"
"600F","Altafiber","Altafiber SHAKEN Cert 600F","https://cdn-cr.cgah.tnsi.com/certs/5bf43a66fdefa14ec681ce439ba5f70dce880ac3"
"604K","In-Telecom","SHAKEN 604K","https://certificates.clearip.com/7f737783-bafd-48a8-a8f8-a4781781e950/916eefb7f1da352a944a827fc0db4687.pem"
"606F","Global Data Systems Inc.","SHAKEN 606F","https://certificates.clearip.com/756cb700-f9d2-4a05-850e-c9dfe3e22de4/dc57ca9c6fdd91d0d1ce27b9127990a7.pem"
"611J","Telcast Networks","Telcast Networks_1719335648799 SHAKEN 611J","https://ssc.getsipnav.com/certs/724dcfb47a877f9ba8cf306376dfde026b11b227"
"616K","Peachnet LLC","SHAKEN 616K","https://cr.sansay.com/616K/429C7C70711E3820F0B8E1DEAE6FF3262264C010.pem"
"617K","Identidad Advertising Development LLC","SHAKEN 617K","https://cr.sansay.com/617K/429C7C70711E3820F0B8E1DEAE6FF3262264C042.pem"
"622J","Skye Telecom LLC","SHAKEN 622J","https://certificates.transnexus.com/622J/363451d5-e10f-44ea-b64b-16d55defc624.pem"
"6233","Southern Telecommunications Co, LLC","SHAKEN 6233","https://certificates.clearip.com/9b6336c6-a756-47eb-a80c-384319297ebb/895d6710cb5ed7c8795d55f6ad3e54ed.pem"
"630J","OneStream Networks, LLC","SHAKEN 630J","https://cr.sansay.com/630J/429C7C70711E3820F0B8E1DEAE6FF3262264BFD8.pem"
"633J","Phone.com, Inc.","SHAKEN 633J","https://cr.sansay.com/633J/429C7C70711E3820F0B8E1DEAE6FF3262264CB79.pem"
"633K","Telkart LLC","SHAKEN 633K","https://telkart.46labs.com/telkart.pem"
"6349","USCC","USCellular SHAKEN Cert 6349","https://robocall.sti.uscellular.com/certs/uscellular2024certchain.crt"
"634K","Mercury Access Solutions","SHAKEN 634K","https://cr.sansay.com/634K/429C7C70711E3820F0B8E1DEAE6FF3262264BFDE.pem"
"644J","Bulk Solutions, LLC","SHAKEN 644J Bulk Solutions, LLC","https://bulkvs-cr.s3.amazonaws.com/644J_2024120301.pem"
"647K","Zella Technologies LLC","SHAKEN Zella Technologies LLC 647K","https://cr.sansay.com/647K/429C7C70711E3820F0B8E1DEAE6FF3262264CBE7.pem"
"649J","Inventive Labs Corp","SHAKEN 649J","https://cr.sansay.com/649J/429C7C70711E3820F0B8E1DEAE6FF3262264BFE4.pem"
"651K","Callsy Network LLC","SHAKEN 651K","https://certificates.peeringhub.io/651K/651K.crt"
"6529","T-Mobile USA, Inc.","SHAKEN 6529","https://t-mobile-sticr.fosrvt.com/8814f66226a3d07edcffb9cfb333c423bfe5dd0f76dfda2839df9004f46fe86e.pem"
"652J","IPitomy","SHAKEN 652J","https://cr.sansay.com/652J/429C7C70711E3820F0B8E1DEAE6FF3262264CB78.pem"
"653K","NGN LATAM Corp","SHAKEN 653K","https://ssc.getsipnav.com/certs/810723d5a9f926973ae9e237f68202bf55cbb52f"
"656K","Anveo Inc","SHAKEN 656K","http://anv-cert.s3.amazonaws.com/anveo072023.crt"
"6581","Cellular South Licenses  DBA C Spire","Cellular South Licenses SHAKEN Cert 6581","https://cdn-cr.cgah.tnsi.com/certs/d1af372b9cdb3ceba1f85f4ec3657797b3eb1c7f"
"663G","Andrew Ward Consulting LLC","SHAKEN 663G","https://certificates.clearip.com/130d8785-08a5-428a-9734-e37a9f3641a6/5d20d97fd6a0cdfdb4677e240109e285.pem"
"663G","Andrew Ward Consulting LLC","SHAKEN 663G","https://certificates.clearip.com/130d8785-08a5-428a-9734-e37a9f3641a6/7a76b02f9e78aa96e4f99d0d918d9138.pem"
"663J","CCI","SHAKEN 663J","https://certificates.transnexus.com/663J/9f9174f8-3b6a-47cb-a73f-ae09e67aafff.pem"
"665E","WOW Internet Cable and Phone","WOW Internet Cable and Phone SHAKEN 665E","https://cdn-cr.cgah.tnsi.com/certs/27c187b748655ad5d9d3a570aefb8db66d57f3eb"
"6692","Northeast Communications of Wisconsin ","Northeast Communications of Wisconsin SHAKEN Cert 6692","https://cdn-cr.cgah.tnsi.com/certs/b169a4a9dbb9ca311b83e2c9b0c04f1bd80e00d3"
"669B","BTC Broadband","SHAKEN 669B","https://cr.ccid.neustar.biz/ccid/authn/v2/certs/11408.10432.pem"
"672J","Zoom Voice Communications","SHAKEN 672J","https://cr-partner.ccid.neustar.biz/ccid/authn/v2/certs/134.736"
"676K","IronSIP LLC","IronSIP LLC_1735250708660 SHAKEN 676K","https://certificates.peeringhub.io/676K/ISsHhk09/676K.crt"
"677K","Autodial Telecommunications LLC","Autodial Telecommunications LLC_1723148189119 SHAKEN 677K","https://certificates.peeringhub.io/677K/r1RvaBfe/677K.crt"
"683A","Touchtone","SHAKEN 683A","https://cr.sansay.com/683A/429C7C70711E3820F0B8E1DEAE6FF3262264CB75.pem"
"683G","BCM One Cloud Communications, LLC","SHAKEN 683G","https://p.mtsec.me/2e5a/PjAxqy6R9UlM.pem"
"683G","BCM One Cloud Communications, LLC","SHAKEN 683G","https://p.mtsec.me/2e5a/O52a6L_ainvk.pem"
"683G","BCM One Cloud Communications, LLC","SHAKEN 683G","https://p.mtsec.me/2e5a/BsLyWqu7_4xA.pem"
"683G","BCM One Cloud Communications, LLC","SHAKEN 683G","https://p.mtsec.me/2e5a/AdfN4jYDHRS6.pem"
"683G","BCM One Cloud Communications, LLC","SHAKEN 683G","https://p.mtsec.me/2e5a/BsdmKGpi6_jD.pem"
"683G","BCM One Cloud Communications, LLC","SHAKEN 683G","https://p.mtsec.me/2e5a/JxWA7nfVqMfy.pem"
"683G","BCM One Cloud Communications, LLC","SHAKEN 683G","https://p.mtsec.me/2e5a/cgPazaJq7wEX.pem"
"683G","BCM One Cloud Communications, LLC","SHAKEN 683G","https://p.mtsec.me/2e5a/CoHxkVkk3lmU.pem"
"683G","BCM One Cloud Communications, LLC","SHAKEN 683G","https://p.mtsec.me/2e5a/Ymgo0ba85XtU.pem"
"683G","BCM One Cloud Communications, LLC","SHAKEN 683G","https://p.mtsec.me/2e5a/GK57Zbn-iKS5.pem"
"683G","BCM One Cloud Communications, LLC","SHAKEN 683G","https://p.mtsec.me/2e5a/e-Wqq0tfEJby.pem"
"683G","BCM One Cloud Communications, LLC","SHAKEN 683G","https://p.mtsec.me/2e5a/bpukdKEKkycZ.pem"
"683G","BCM One Cloud Communications, LLC","SHAKEN 683G","https://p.mtsec.me/2e5a/MiWqWwDH_wK0.pem"
"683G","BCM One Cloud Communications, LLC","SHAKEN 683G","https://p.mtsec.me/2e5a/LGg9R6QZaOJr.pem"
"683G","BCM One Cloud Communications, LLC","SHAKEN 683G","https://p.mtsec.me/2e5a/CwQOYlVVdL4x.pem"
"683G","BCM One Cloud Communications, LLC","SHAKEN 683G","https://p.mtsec.me/2e5a/MNRwtyKpSDCT.pem"
"683G","BCM One Cloud Communications, LLC","SHAKEN 683G","https://p.mtsec.me/2e5a/e9lAQ0UUYt01.pem"
"683G","BCM One Cloud Communications, LLC","SHAKEN 683G","https://p.mtsec.me/2e5a/Mb_fAfx6Y7vH.pem"
"683G","BCM One Cloud Communications, LLC","SHAKEN 683G","https://p.mtsec.me/2e5a/aivi8Wdpg4hc.pem"
"683G","BCM One Cloud Communications, LLC","SHAKEN 683G","https://p.mtsec.me/2e5a/TzSlZBiPlw7S.pem"
"683G","BCM One Cloud Communications, LLC","SHAKEN 683G","https://p.mtsec.me/2e5a/OILnyOIoGZV1.pem"
"683G","BCM One Cloud Communications, LLC","SHAKEN 683G","https://p.mtsec.me/2e5a/TEYmOyUvFub1.pem"
"683G","BCM One Cloud Communications, LLC","SHAKEN 683G","https://p.mtsec.me/2e5a/eM1SSIDRAF4X.pem"
"683G","BCM One Cloud Communications, LLC","SHAKEN 683G","https://p.mtsec.me/2e5a/PW-NpukRzyt0.pem"
"683G","BCM One Cloud Communications, LLC","SHAKEN 683G","https://p.mtsec.me/2e5a/Wu87eJpvFems.pem"
"683G","BCM One Cloud Communications, LLC","SHAKEN 683G","https://p.mtsec.me/2e5a/cXwNxp8eeqHD.pem"
"683G","BCM One Cloud Communications, LLC","SHAKEN 683G","https://p.mtsec.me/2e5a/Wkeca7c8e_wt.pem"
"683G","BCM One Cloud Communications, LLC","SHAKEN 683G","https://p.mtsec.me/2e5a/Wk1OYJz7G-XL.pem"
"683G","BCM One Cloud Communications, LLC","SHAKEN 683G","https://p.mtsec.me/2e5a/B9c6-6pq0EJg.pem"
"683G","BCM One Cloud Communications, LLC","SHAKEN 683G","https://p.mtsec.me/2e5a/I-5ITUA2cGOR.pem"
"683G","BCM One Cloud Communications, LLC","SHAKEN 683G","https://p.mtsec.me/2e5a/QPIEn8Mk-ieQ.pem"
"683G","BCM One Cloud Communications, LLC","SHAKEN 683G","https://p.mtsec.me/2e5a/cRGGsD-agUQo.pem"
"683G","BCM One Cloud Communications, LLC","SHAKEN 683G","https://p.mtsec.me/2e5a/WB4eEfYkYT8I.pem"
"683G","BCM One Cloud Communications, LLC","SHAKEN 683G","https://p.mtsec.me/2e5a/L_LxxFPXJLt9.pem"
"683G","BCM One Cloud Communications, LLC","SHAKEN 683G","https://p.mtsec.me/2e5a/XJMkrdQQw7bd.pem"
"683G","BCM One Cloud Communications, LLC","SHAKEN 683G","https://p.mtsec.me/2e5a/EllrW86HQz1F.pem"
"683G","BCM One Cloud Communications, LLC","SHAKEN 683G","https://p.mtsec.me/2e5a/HK9kAFVqlJMO.pem"
"683G","BCM One Cloud Communications, LLC","SHAKEN 683G","https://p.mtsec.me/2e5a/a6zZpHDc0Y-k.pem"
"683G","BCM One Cloud Communications, LLC","SHAKEN 683G","https://p.mtsec.me/2e5a/ByzK2A1rH1p5.pem"
"683G","BCM One Cloud Communications, LLC","SHAKEN 683G","https://p.mtsec.me/2e5a/cLAsqUnzewOU.pem"
"683G","BCM One Cloud Communications, LLC","SHAKEN 683G","https://p.mtsec.me/2e5a/VHWrpcygdO-6.pem"
"683G","BCM One Cloud Communications, LLC","SHAKEN 683G","https://p.mtsec.me/2e5a/QHLqWPra7wOa.pem"
"683G","BCM One Cloud Communications, LLC","SHAKEN 683G","https://p.mtsec.me/2e5a/CSKA9Q2N8pgL.pem"
"683G","BCM One Cloud Communications, LLC","SHAKEN 683G","https://p.mtsec.me/2e5a/A9Rpp-Z5iu7l.pem"
"683G","BCM One Cloud Communications, LLC","SHAKEN 683G","https://p.mtsec.me/2e5a/FFw7R01D1UwK.pem"
"683G","BCM One Cloud Communications, LLC","SHAKEN 683G","https://p.mtsec.me/2e5a/P5wWm3qtk_BY.pem"
"683G","BCM One Cloud Communications, LLC","SHAKEN 683G","https://p.mtsec.me/2e5a/C8FAx69T7s5u.pem"
"683G","BCM One Cloud Communications, LLC","SHAKEN 683G","https://p.mtsec.me/2e5a/c3xAKIm-Wjxt.pem"
"683G","BCM One Cloud Communications, LLC","SHAKEN 683G","https://p.mtsec.me/2e5a/KhRbVWOgmzei.pem"
"683G","BCM One Cloud Communications, LLC","SHAKEN 683G","https://p.mtsec.me/2e5a/R7KWt54--1E-.pem"
"683G","BCM One Cloud Communications, LLC","SHAKEN 683G","https://p.mtsec.me/2e5a/UDWSIOOmxeld.pem"
"683G","BCM One Cloud Communications, LLC","SHAKEN 683G","https://p.mtsec.me/2e5a/dyKzDFI0s4R3.pem"
"683G","BCM One Cloud Communications, LLC","SHAKEN 683G","https://p.mtsec.me/2e5a/T3BCeiJaA3n2.pem"
"683G","BCM One Cloud Communications, LLC","SHAKEN 683G","https://p.mtsec.me/2e5a/cz5QpyqNCku5.pem"
"683G","BCM One Cloud Communications, LLC","SHAKEN 683G","https://p.mtsec.me/2e5a/A7ykx7d3Sgj4.pem"
"683G","BCM One Cloud Communications, LLC","SHAKEN 683G","https://p.mtsec.me/2e5a/EG5NCz63iKzz.pem"
"683G","BCM One Cloud Communications, LLC","SHAKEN 683G","https://p.mtsec.me/2e5a/frCnVMc5p2kv.pem"
"683G","BCM One Cloud Communications, LLC","SHAKEN 683G","https://certs.iverify-aninetworks.net/bcm_20260307.cert"
"683G","BCM One Cloud Communications, LLC","SHAKEN 683G","https://p.mtsec.me/2e5a/MMgoBAaQRcVc.pem"
"683G","BCM One Cloud Communications, LLC","SHAKEN 683G","https://p.mtsec.me/2e5a/LVC9eux_JcWG.pem"
"683G","BCM One Cloud Communications, LLC","SHAKEN 683G","https://p.mtsec.me/2e5a/QRzj4oSyQOKW.pem"
"683G","BCM One Cloud Communications, LLC","SHAKEN 683G","https://p.mtsec.me/2e5a/O4yDpKd4P91r.pem"
"683G","BCM One Cloud Communications, LLC","SHAKEN 683G","https://p.mtsec.me/2e5a/ciEtSsV7orAb.pem"
"684J","Fonative, Inc.","SHAKEN 684J","https://cr.sansay.com/684J/429C7C70711E3820F0B8E1DEAE6FF3262264CB77.pem"
"6874","Viaero Wireless","Viaero Wireless SHAKEN 6874","https://cdn-cr.cgah.tnsi.com/certs/707a2acb3852ef80a0144461abbbf848dfe45b51"
"688K","Call Hub Inc.","SHAKEN 688K Call Hub Inc.","https://cdn.cnxcdn.com/shaken/ec993ad525.crt"
"688K","CH22082024 688K","SHAKEN 688K Call Hub Inc.","https://callhub.46labs.com/callhub.pem"
"689H","FluentStream Technologies LLC","SHAKEN 689H","https://cr.ccid.neustar.biz/ccid/authn/v2/certs/11816.10793.pem"
"691J","Toly Digital Networks Inc","SHAKEN 691J","https://certificates.clearip.com/84c98183-b28e-415a-8dc4-ba02b9ca5418/27f1697886daf6710987ebe1e82f95a2.pem"
"692J","EssexTel Inc","SHAKEN 692J","https://essextel.peeredge.com/cert/U9FNez2N.pem"
"6940","Appalachian Wireless","Appalachian Wireless SHAKEN 6940","https://cdn-cr.cgah.tnsi.com/certs/1ad08815a367305dc038359652947c0e17ee05ba"
"694K","Icon Global Services Ltd","SHAKEN 694K Icon Global Services Ltd","https://xfone.us/brxjpch/8"
"696J","Telcentris Inc. dba Voxox","SHAKEN 696J Telcentris Inc. dba Voxox","https://cr.sansay.com/696J/429C7C70711E3820F0B8E1DEAE6FF3262264B5CB.pem"
"697J","Coeo Solutions","SHAKEN 697J","https://prod001-prod011-cr.rbbnidhub.com/OesNvM4ngz/6"
"697J","Coeo Solutions","SHAKEN 697J","https://prod001-prod011-cr.rbbnidhub.com/OesNvM4ngz/5"
"698K","Vitel Global Communication LLC","SHAKEN 698K","https://certs.telonium.net/25/95ce6176.crt"
"7008","Consolidated Telcom ND","Consolidated Telcom ND SHAKEN Cert 7008","https://cdn-cr.cgah.tnsi.com/certs/b6611ffc50b1fd72c8f64e468c93c1d5eea181e2"
"700H","Metro Fibernet LLC","SHAKEN 700H","https://cr-partner.ccid.neustar.biz/ccid/authn/v2/certs/142.735"
"701J","MASH Telecom","SHAKEN 701J","https://ssc.getsipnav.com/certs/1b45d7701464b37e26ba8a8a9e1d0a7a4fc68285"
"703J","Ytel Inc.","SHAKEN 703J","https://cr.sansay.com/703J/429C7C70711E3820F0B8E1DEAE6FF3262264C04D.pem"
"704J","Clearly Ip Inc","SHAKEN 704J","https://r.stir.tel/704J/260312152450Z/cert.pem"
"706J","TCN","SHAKEN 706J","https://certificates.transnexus.com/706J/50ecc27e-770a-4239-a994-dddc8c4c95d9.pem"
"7076","Midcontinent Communications","SHAKEN 7076","https://cr.ccid.neustar.biz/ccid/authn/v2/certs/11158.10790.pem"
"707J","TextNow Inc","SHAKEN 707J","https://pki.tncp.textnow.com/stage-2024/stir-shaken-textnow-cert.pem"
"709J","Low Latency Communications LLC","SHAKEN 709J","https://cr-partner.ccid.neustar.biz/ccid/authn/v2/certs/77.598"
"709K","Coastal Redwood Networks LLC","SHAKEN 709K","https://certs.telonium.net/24/772a7300.crt"
"710A","Allo Communications LLC","SHAKEN 710A","https://cr.ccid.neustar.biz/ccid/authn/v2/certs/11438.10759.pem"
"711K","Contactivity Corp.","SHAKEN 711K","https://ssc.getsipnav.com/certs/2b0bc92ebf4882b7c359a5c9b1894e9170775f99"
"7126","Altice USA","SHAKEN 7126","https://cr.ccid.neustar.biz/ccid/authn/v2/certs/11629.10763.pem"
"712J","ANPI Business, LLC","SHAKEN 712J","https://cr-partner.ccid.neustar.biz/ccid/authn/v2/certs/87.752"
"712K","Voipedia","Voipedia_1729536460984 SHAKEN 712K","https://certs.icallr.com/712K/voipedia.pem"
"715J","CoreDial, LLC","SHAKEN 715J","https://cr.ccid.neustar.biz/ccid/authn/v2/certs/11430.10576.pem"
"715K","Telorca LLC","SHAKEN 715K","https://certificates.peeringhub.io/715K/715K.crt"
"719J","ConnectMe, LLC","SHAKEN ConnectMeVoice 719J","https://cr.sansay.com/719J/429C7C70711E3820F0B8E1DEAE6FF3262264AE1A.pem"
"722J","EvolveIP LLC","SHAKEN 722J","https://certificates.transnexus.com/722J/2110a634-d0e6-486a-8ec6-43d133864a46.pem"
"726J","Votacall Inc","SHAKEN 726J","https://certificates.clearip.com/88dbb645-62bf-4d40-960c-4e8e3223880f/41c52e78671ec261acf8ecb10f5ce62c.pem"
"727K","DIAL WORLD COMMUNICATIONS LLC","DIAL WORLD COMMUNICATIONS LLC_1724804850035 SHAKEN 727K","https://certificates.peeringhub.io/727K/qjDisELB/727K.crt"
"731K","DialedIn","SHAKEN DialedIn 731K","https://cr.sansay.com/731K/429C7C70711E3820F0B8E1DEAE6FF3262264CBA6.pem"
"731K","DialedIn","SHAKEN DialedIn 731K","https://cr.sansay.com/731K/429C7C70711E3820F0B8E1DEAE6FF3262264CB6E.pem"
"731K","DialedIn","SHAKEN DialedIn 731K","https://cr.sansay.com/731K/429C7C70711E3820F0B8E1DEAE6FF3262264CCD8.pem"
"731K","DialedIn","SHAKEN DialedIn 731K","https://cr.sansay.com/731K/429C7C70711E3820F0B8E1DEAE6FF3262264CA52.pem"
"731K","DialedIn","SHAKEN DialedIn 731K","https://cr.sansay.com/731K/429C7C70711E3820F0B8E1DEAE6FF3262264CC6C.pem"
"731K","DialedIn","SHAKEN DialedIn 731K","https://cr.sansay.com/731K/429C7C70711E3820F0B8E1DEAE6FF3262264CD67.pem"
"731K","DialedIn","SHAKEN DialedIn 731K","https://cr.sansay.com/731K/429C7C70711E3820F0B8E1DEAE6FF3262264CB25.pem"
"731K","DialedIn","SHAKEN DialedIn 731K","https://cr.sansay.com/731K/429C7C70711E3820F0B8E1DEAE6FF3262264CA75.pem"
"731K","DialedIn","SHAKEN DialedIn 731K","https://cr.sansay.com/731K/429C7C70711E3820F0B8E1DEAE6FF3262264CA9B.pem"
"731K","DialedIn","SHAKEN DialedIn 731K","https://cr.sansay.com/731K/429C7C70711E3820F0B8E1DEAE6FF3262264CC4C.pem"
"731K","DialedIn","SHAKEN DialedIn 731K","https://cr.sansay.com/731K/429C7C70711E3820F0B8E1DEAE6FF3262264CCB4.pem"
"731K","DialedIn","SHAKEN DialedIn 731K","https://cr.sansay.com/731K/429C7C70711E3820F0B8E1DEAE6FF3262264CD8D.pem"
"731K","DialedIn","SHAKEN DialedIn 731K","https://cr.sansay.com/731K/429C7C70711E3820F0B8E1DEAE6FF3262264CC90.pem"
"731K","DialedIn","SHAKEN DialedIn 731K","https://cr.sansay.com/731K/429C7C70711E3820F0B8E1DEAE6FF3262264CB49.pem"
"731K","DialedIn","SHAKEN DialedIn 731K","https://cr.sansay.com/731K/429C7C70711E3820F0B8E1DEAE6FF3262264CADE.pem"
"731K","DialedIn","SHAKEN DialedIn 731K","https://cr.sansay.com/731K/429C7C70711E3820F0B8E1DEAE6FF3262264CABB.pem"
"731K","DialedIn","SHAKEN DialedIn 731K","https://cr.sansay.com/731K/429C7C70711E3820F0B8E1DEAE6FF3262264CDB1.pem"
"733J","Wiretap Telecom","SHAKEN 733J","https://certificates.clearip.com/257dc117-4652-4444-9058-fceb2d81e92c/9a306425656f2925abcaa28790cb4a06.pem"
"735J","AVOXI Inc.","SHAKEN 735J","https://certificates.clearip.com/11124177-79f3-48b2-867a-386d4dc61c99/3aecc4434d56a111616e0156351f1929.pem"
"736J","Masergy Communications","SHAKEN 736J","https://certificates.transnexus.com/736J/c98eac7f-4658-48e9-a3ca-a5d83ed0d99b.pem"
"738J","BCM One Cloud Communications, LLC","SHAKEN 738J","https://p.mtsec.me/2e5a/BO1kvIYPGY7v.pem"
"738J","BCM One Cloud Communications Inc","SHAKEN 738J","https://certs.iverify-aninetworks.net/bcm_20260416.crt"
"738J","BCM One Cloud Communications, LLC","SHAKEN 738J","https://p.mtsec.me/2e5a/D6qzNN7ctaNQ.pem"
"738J","BCM One Cloud Communications, LLC","SHAKEN 738J","https://p.mtsec.me/2e5a/evz95w0GKsv-.pem"
"738J","BCM One Cloud Communications, LLC","SHAKEN 738J","https://p.mtsec.me/2e5a/Ge3vHbJHfurV.pem"
"738J","BCM One Cloud Communications, LLC","SHAKEN 738J","https://p.mtsec.me/2e5a/eEjn7NddDQxa.pem"
"738J","BCM One Cloud Communications, LLC","SHAKEN 738J","https://p.mtsec.me/2e5a/EtIFaeui0W0_.pem"
"738J","BCM One Cloud Communications, LLC","SHAKEN 738J","https://p.mtsec.me/2e5a/Re2jRXpGvFEb.pem"
"738J","SkySwitch","SHAKEN 738J","https://certificates.transnexus.com/738J/711534b8-9aec-4080-89c8-9ae7997e45ed.pem"
"738J","BCM One Cloud Communications, LLC","SHAKEN 738J","https://p.mtsec.me/2e5a/V8vu_HtmUIyR.pem"
"738J","BCM One Cloud Communications, LLC","SHAKEN 738J","https://p.mtsec.me/2e5a/HJUlTK6WMgid.pem"
"738J","BCM One Cloud Communications, LLC","SHAKEN 738J","https://p.mtsec.me/2e5a/BcqtDkO4A-zT.pem"
"738J","BCM One Cloud Communications, LLC","SHAKEN 738J","https://p.mtsec.me/2e5a/HqwEr_EWb1JD.pem"
"738J","BCM One Cloud Communications, LLC","SHAKEN 738J","https://p.mtsec.me/2e5a/QiPWo72w__z6.pem"
"738J","BCM One Cloud Communications, LLC","SHAKEN 738J","https://p.mtsec.me/2e5a/RjNa6Tii5tVa.pem"
"738J","BCM One Cloud Communications, LLC","SHAKEN 738J","https://p.mtsec.me/2e5a/OPgRxJLpDYk0.pem"
"738J","BCM One Cloud Communications, LLC","SHAKEN 738J","https://p.mtsec.me/2e5a/Wge4OI6NCpDD.pem"
"738J","BCM One Cloud Communications, LLC","SHAKEN 738J","https://p.mtsec.me/2e5a/QHsmkMcY9tCl.pem"
"738J","BCM One Cloud Communications, LLC","SHAKEN 738J","https://p.mtsec.me/2e5a/WeAiQ2-HzGzs.pem"
"738J","BCM One Cloud Communications, LLC","SHAKEN 738J","https://p.mtsec.me/2e5a/fl0kGGPA981y.pem"
"738J","BCM One Cloud Communications, LLC","SHAKEN 738J","https://p.mtsec.me/2e5a/Ljxj9uXodTIa.pem"
"738J","BCM One Cloud Communications, LLC","SHAKEN 738J","https://p.mtsec.me/2e5a/F0RSRXbOkI6h.pem"
"738J","BCM One Cloud Communications, LLC","SHAKEN 738J","https://p.mtsec.me/2e5a/Obqu1m7EZ0w_.pem"
"738J","BCM One Cloud Communications, LLC","SHAKEN 738J","https://p.mtsec.me/2e5a/Er_myPjSjflJ.pem"
"738J","BCM One Cloud Communications, LLC","SHAKEN 738J","https://p.mtsec.me/2e5a/FNiZkNKcBUSY.pem"
"738J","BCM One Cloud Communications, LLC","SHAKEN 738J","https://p.mtsec.me/2e5a/MH7FcreW672a.pem"
"738J","BCM One Cloud Communications, LLC","SHAKEN 738J","https://p.mtsec.me/2e5a/JJfjXMlgGjRY.pem"
"738J","BCM One Cloud Communications, LLC","SHAKEN 738J","https://p.mtsec.me/2e5a/evqet37OJB9g.pem"
"738J","BCM One Cloud Communications, LLC","SHAKEN 738J","https://p.mtsec.me/2e5a/G15EqKjR9bAL.pem"
"738J","BCM One Cloud Communications, LLC","SHAKEN 738J","https://p.mtsec.me/2e5a/DOjPNlJb4WZw.pem"
"738J","BCM One Cloud Communications, LLC","SHAKEN 738J","https://p.mtsec.me/2e5a/F4WnUEla1gbq.pem"
"738J","BCM One Cloud Communications, LLC","SHAKEN 738J","https://p.mtsec.me/2e5a/TXj0qBbh6MK8.pem"
"738J","BCM One Cloud Communications, LLC","SHAKEN 738J","https://p.mtsec.me/2e5a/cut4yYORB0l_.pem"
"738J","BCM One Cloud Communications, LLC","SHAKEN 738J","https://p.mtsec.me/2e5a/GNWVmd4tvNDe.pem"
"738J","BCM One Cloud Communications, LLC","SHAKEN 738J","https://p.mtsec.me/2e5a/Akan81y45-tg.pem"
"738J","BCM One Cloud Communications, LLC","SHAKEN 738J","https://p.mtsec.me/2e5a/Re1D5vTrH4mx.pem"
"738J","BCM One Cloud Communications, LLC","SHAKEN 738J","https://p.mtsec.me/2e5a/ERwEqR4RteUr.pem"
"738J","BCM One Cloud Communications, LLC","SHAKEN 738J","https://p.mtsec.me/2e5a/dSjlB6ch5yZd.pem"
"738J","BCM One Cloud Communications, LLC","SHAKEN 738J","https://p.mtsec.me/2e5a/OnAN-e9FKwRs.pem"
"738J","BCM One Cloud Communications, LLC","SHAKEN 738J","https://p.mtsec.me/2e5a/PoupH4jvbJBJ.pem"
"738J","BCM One Cloud Communications, LLC","SHAKEN 738J","https://p.mtsec.me/2e5a/PpyxUgqiNaiM.pem"
"738J","BCM One Cloud Communications, LLC","SHAKEN 738J","https://p.mtsec.me/2e5a/Q81KtCOY1obE.pem"
"738J","BCM One Cloud Communications, LLC","SHAKEN 738J","https://p.mtsec.me/2e5a/CqM7fr6pFZOv.pem"
"738J","BCM One Cloud Communications, LLC","SHAKEN 738J","https://p.mtsec.me/2e5a/BJeWOvxLahiH.pem"
"738J","BCM One Cloud Communications, LLC","SHAKEN 738J","https://p.mtsec.me/2e5a/Fz3ugZm0ABBV.pem"
"738J","BCM One Cloud Communications, LLC","SHAKEN 738J","https://p.mtsec.me/2e5a/ahfBv1wyMe43.pem"
"738J","BCM One Cloud Communications, LLC","SHAKEN 738J","https://p.mtsec.me/2e5a/NS1YukdpsJzJ.pem"
"738J","BCM One Cloud Communications, LLC","SHAKEN 738J","https://p.mtsec.me/2e5a/PtwKhac9csI3.pem"
"738J","BCM One Cloud Communications, LLC","SHAKEN 738J","https://p.mtsec.me/2e5a/Khl6AP0CVjfQ.pem"
"738J","BCM One Cloud Communications, LLC","SHAKEN 738J","https://p.mtsec.me/2e5a/Zn8NszDr-b8n.pem"
"738J","BCM One Cloud Communications, LLC","SHAKEN 738J","https://p.mtsec.me/2e5a/S_Zmv0olRPQJ.pem"
"738J","BCM One Cloud Communications, LLC","SHAKEN 738J","https://p.mtsec.me/2e5a/MjMB3f_o1OUD.pem"
"738J","BCM One Cloud Communications, LLC","SHAKEN 738J","https://p.mtsec.me/2e5a/ZMFQrgRv4_Xg.pem"
"738J","BCM One Cloud Communications, LLC","SHAKEN 738J","https://p.mtsec.me/2e5a/PmnkU5g1-erS.pem"
"738J","BCM One Cloud Communications, LLC","SHAKEN 738J","https://p.mtsec.me/2e5a/OytJSLyAmelX.pem"
"738J","BCM One Cloud Communications, LLC","SHAKEN 738J","https://p.mtsec.me/2e5a/BSz5mWEDciXH.pem"
"738J","BCM One Cloud Communications, LLC","SHAKEN 738J","https://p.mtsec.me/2e5a/MLkR7Ph1g1hY.pem"
"738J","BCM One Cloud Communications, LLC","SHAKEN 738J","https://p.mtsec.me/2e5a/JRzqDskeI3Fx.pem"
"738J","BCM One Cloud Communications, LLC","SHAKEN 738J","https://p.mtsec.me/2e5a/NIdvD997wyzv.pem"
"738J","BCM One Cloud Communications, LLC","SHAKEN 738J","https://p.mtsec.me/2e5a/AdM3chqN19Zu.pem"
"738J","BCM One Cloud Communications, LLC","SHAKEN 738J","https://p.mtsec.me/2e5a/P4h_oHfIOE-y.pem"
"738J","BCM One Cloud Communications, LLC","SHAKEN 738J","https://p.mtsec.me/2e5a/DpLPNxbEmcKq.pem"
"738J","BCM One Cloud Communications, LLC","SHAKEN 738J","https://p.mtsec.me/2e5a/GUxm0pFwC0Kq.pem"
"738J","BCM One Cloud Communications, LLC","SHAKEN 738J","https://p.mtsec.me/2e5a/c2vyNgMqX1aC.pem"
"739J","Unified Global Solutions LLC","SHAKEN 739J","https://cr-partner.ccid.neustar.biz/ccid/authn/v2/certs/158.668"
"742D","Avid Communications","Avid Communication SHAKEN 742D","https://cdn-cr.cgah.tnsi.com/certs/0cd04dcda95032f0305055d449d60db49bfd1b0a"
"742D","Avid Communication","Avid Communication SHAKEN Cert 742D","https://cdn-cr.cgah.tnsi.com/certs/c63aca77c3a44dad9b6d8b9a53b4290e114140b8"
"744J","Teleinx, LLC","Teleinx, LLC_1730756614004 SHAKEN 744J","https://certificates.peeringhub.io/744J/YKyL2ekt/744J.crt"
"7453","U. S. Telepacific Corp","U. S. Telepacific Corp SHAKEN 7453","https://qcall.meta.tpx.net/certs/tpx2024certchain.crt"
"745J","TextMe Incorporated","SHAKEN 745J","https://textme-stirshaken.s3.us-west-2.amazonaws.com/textme_20250927.pem"
"745K","beltalk","beltalk solutions LLC_1747253421716 SHAKEN 745K","https://certificates.peeringhub.io/745K/CFHznOHy/745K.crt"
"747J","Magic Apple","SHAKEN 747J","https://certificates.clearip.com/9e31f6fe-cfd3-49cc-b9fc-22963012a8d7/aa1d5019d93764014384bdc00703b7cb.pem"
"750J","Microtalk Europe Limited","SHAKEN 750J","https://cdn.cnxcdn.com/shaken/bb327a8979.crt"
"755J","CMSInter.net LLC","SHAKEN 755J","https://certs.telonium.net/24/da9f839e.crt"
"756J","DIDCentral LLC","DiDCentral LLC SHAKEN 756J","https://ssc.getsipnav.com/certs/8b81e0419ab8f0d550a87055c9009b3455de57ed"
"7575","Lumen","SHAKEN 7575","https://cr.ccid.neustar.biz/ccid/authn/v2/certs/12837.10768.pem"
"758J","Convoso","SHAKEN Convoso 758J","https://stirshaken.s3.us-west-1.amazonaws.com/stirshaken.pem"
"7608","Buckeye ","Buckeye SHAKEN Cert 7608","https://cdn-cr.cgah.tnsi.com/certs/80ac3a7475bf118d59c0c864b846ca67cf17d5e9"
"760K","Last Mile Corp.","SHAKEN 760K","https://ssc.getsipnav.com/certs/6bc459fc6b5d5a3c8957f5d04c4f5d75461700a6"
"7615","RCN","RCN SHAKEN Cert 7615","https://cdn-cr.cgah.tnsi.com/certs/a23201bf22dbf58314c267f8d2dc304ff278000d"
"765J","Verge Network Solutions LLC","SHAKEN 765J","https://cr-partner.ccid.neustar.biz/ccid/authn/v2/certs/129.571"
"7661","Cox Communications Inc","SHAKEN 7661","https://cr.ccid.neustar.biz/ccid/authn/v2/certs/11126.10897.pem"
"766C","France Telecom Corporate Solutions LLC","SHAKEN 766C","https://cr.ccid.neustar.biz/ccid/authn/v2/certs/11182.10890.pem"
"772J","VoIP Essential LLC","SHAKEN 772J","https://www.voipessential.com/certs/qxHaMBKwkLyNA3gtdQh4E5.crt"
"773J","Binary Ventures Inc","SHAKEN 773J","https://sti.comsapi.com/773j/ca.crt"
"774D","Smithville Communications CLEC","Smithville Communications CLEC SHAKEN Cert 774D","https://cdn-cr.cgah.tnsi.com/certs/05eb1b2fde3d68f2deffd36d9fadf8c3e42e3272"
"776J","2600HZ INC","SHAKEN 776J","https://cr-partner.ccid.neustar.biz/ccid/authn/v2/certs/278.621"
"776K","ActionVox","SHAKEN 776K","https://cr.sansay.com/776K/429C7C70711E3820F0B8E1DEAE6FF3262264C47A.pem"
"777G","Sangoma","SHAKEN Sangoma 777G","https://cr.sansay.com/777G/429C7C70711E3820F0B8E1DEAE6FF3262264AB61.pem"
"7785","GCI","GCI SHAKEN Cert 7785","https://cdn-cr.cgah.tnsi.com/certs/f4b0a304bfb6f3db28f8eab0011a9c643d91849a"
"779J","Televergence Solutions Inc","SHAKEN Televergence Solutions Inc 779J","https://cr.sansay.com/779J/429C7C70711E3820F0B8E1DEAE6FF3262264CC22.pem"
"779J","Televergence Solutions Inc","SHAKEN Televergence Solutions Inc 779J","https://cr.sansay.com/779J/429C7C70711E3820F0B8E1DEAE6FF3262264CD80.pem"
"779J","Televergence Solutions Inc","SHAKEN Televergence Solutions Inc 779J","https://cr.sansay.com/779J/429C7C70711E3820F0B8E1DEAE6FF3262264CD5A.pem"
"779J","Televergence Solutions Inc","SHAKEN Televergence Solutions Inc 779J","https://cr.sansay.com/779J/429C7C70711E3820F0B8E1DEAE6FF3262264CC64.pem"
"779J","Televergence Solutions Inc","SHAKEN Televergence Solutions Inc 779J","https://cr.sansay.com/779J/429C7C70711E3820F0B8E1DEAE6FF3262264CCA7.pem"
"779J","Televergence Solutions Inc","SHAKEN Televergence Solutions Inc 779J","https://cr.sansay.com/779J/429C7C70711E3820F0B8E1DEAE6FF3262264CCCB.pem"
"779J","Televergence Solutions Inc","SHAKEN Televergence Solutions Inc 779J","https://cr.sansay.com/779J/429C7C70711E3820F0B8E1DEAE6FF3262264CDA4.pem"
"779J","Televergence Solutions Inc","SHAKEN Televergence Solutions Inc 779J","https://cr.sansay.com/779J/429C7C70711E3820F0B8E1DEAE6FF3262264CC44.pem"
"7804","TDS Telecom","TDS Telecom SHAKEN Cert 7804","https://cdn-cr.cgah.tnsi.com/certs/35db85c681cd72f18e564492a27fd418bc58be28"
"782J","AM Communication Labs Inc.","SHAKEN 782J","https://cr.sansay.com/782J/429C7C70711E3820F0B8E1DEAE6FF3262264C6F2.pem"
"782K","SIMPLEVOIP LLC","SHAKEN 782K","https://cr-partner.ccid.neustar.biz/ccid/authn/v2/certs/301.642"
"785K","TechRx LLC","SHAKEN 785K","https://certs.telonium.net/25/3b479ca6.crt"
"786E","Telesystem","Telesystem SHAKEN Cert  786E","https://cdn-cr.cgah.tnsi.com/certs/1119f8a66803e30896e315d1e9766b55ab10e7f9"
"791K","925 Telecom LLC","SHAKEN 791K","https://ssc.getsipnav.com/certs/abf66d22339de1cea2f7c85b7e66c4ab1206c5ad"
"800J","Plivo Inc","Plivo Inc","https://certificate.zt.plivo.com/cert20260408.crt"
"804J","QuestBlue Systems Inc","SHAKEN 804J","https://customer.questblue.com/assets/questblue_shaken.cer"
"8052","Granite Telecommunications LLC","SHAKEN 8052","https://cr.ccid.neustar.biz/ccid/authn/v2/certs/11282.10436.pem"
"807J","SipPhony LLC","SHAKEN 807J","https://certificates.transnexus.com/807J/7a1ed9e2-c9bd-48b2-b4bd-8fff52e3c165.pem"
"807J","SipPhony LLC","SHAKEN 807J","https://certificates.transnexus.com/807J/50333fe0-134b-4438-a13b-eb1d904c135a.pem"
"811J","Alianza","prod SHAKEN 811J","https://api.alianza.com/v2/stir-shaken/certs/b45a4083-1554-4412-b5fc-bbd2c027091e/key.crt"
"811K","VaultTel Solutions Inc","VaultTel Solutions Inc_1720802660210 SHAKEN 811K","https://cdn.cnxcdn.com/shaken/b52cc7c2ce.crt"
"815G","382 Communications","SHAKEN 815G","https://certificates.transnexus.com/815G/289fb6c6-a393-417d-a28b-16120b5ec7ce.pem"
"815J","DLS Internet Services","SHAKEN DLS Internet Services 815J","https://cr.sansay.com/815J/429C7C70711E3820F0B8E1DEAE6FF3262264CADF.pem"
"816J","Arbeit","SHAKEN 816J","https://cr.sansay.com/816J/429C7C70711E3820F0B8E1DEAE6FF3262264C02F.pem"
"816K","Carrier Connect Corp","ccctelecom.com","https://www.ccctelecom.com/816K.pem"
"819H","BluIP Inc.","SHAKEN 819H","https://certificates.clearip.com/3c4ce448-386b-4d47-a276-7fe32e380a83/3ad3c202da7075c89e5dce33a1af7cbf.pem"
"819J","Crexendo Business Solutions","SHAKEN 819J","https://cr-partner.ccid.neustar.biz/ccid/authn/v2/certs/146.614"
"821J","Bluerock Communications LLC","SHAKEN 821J","https://cr.ccid.neustar.biz/ccid/authn/v2/certs/11535.10907.pem"
"824K","Telecom Business Network LLC","Telecom Business Network LLC_1731008761381 SHAKEN 824K","https://certificates.peeringhub.io/824K/z6AY678S/824K.crt"
"825J","Rural Telecom Experts Inc","SHAKEN 825J","https://eon.peeredge.com/cert/5WwVcH7G.pem"
"827K","ARit services LLC","ARit services LLC_1746812115427 SHAKEN 827K","https://certificates.peeringhub.io/827K/cOqyHAwz/827K.crt"
"828J","IPSBS Managed Services LLC","SHAKEN IPSBS Managed Services LLC 828J","https://cr.sansay.com/828J/429C7C70711E3820F0B8E1DEAE6FF3262264CAD2.pem"
"828J","IPSBS Managed Services LLC","SHAKEN IPSBS Managed Services LLC 828J","https://cr.sansay.com/828J/429C7C70711E3820F0B8E1DEAE6FF3262264CB62.pem"
"828J","IPSBS Managed Services LLC","SHAKEN IPSBS Managed Services LLC 828J","https://cr.sansay.com/828J/429C7C70711E3820F0B8E1DEAE6FF3262264CA44.pem"
"830K","Cebod Technologies LLC","SHAKEN 830K","https://certs.telonium.net/25/b3b00e31.crt"
"8331","CTS Telecom","CTS Telecom SHAKEN 8331","https://cdn-cr.cgah.tnsi.com/certs/71289d110a8664f62a9c8585e99f82aba104720e"
"839K","Sigma Broadband","SHAKEN 839K","https://cr.sansay.com/839K/429C7C70711E3820F0B8E1DEAE6FF3262264C3D1.pem"
"841J","Securus Technologies LLC","SHAKEN 841J","https://certificates.transnexus.com/841J/3f2f0a3e-aedc-4340-a8ab-f6184d71bcde.pem"
"845J","Dialect LLC","SHAKEN 845J","https://app.batchdialer.com/shakenv2.crt"
"8468","FirstLight Fiber Inc","SHAKEN 8468","https://cr.ccid.neustar.biz/ccid/authn/v2/certs/11272.10940.pem"
"846F","Mediacom Communications Corporation","Mediacom SHAKEN 846F","https://shaken.stir.mediacomcc.com/certs/mediacom2024certchain.crt"
"847K","BlueTech Networks LLC","SHAKEN 847K","https://ssc.getsipnav.com/certs/5f59d0c87a925e0ea0ef9f65214302711b824131"
"849K","FlowVOIP","FlowVOIP LLC._1744088504457 SHAKEN 849K","https://certificates.peeringhub.io/849K/5VrTk4Aq/849K.crt"
"8526","MetTel","SHAKEN 8526","https://certificates.transnexus.com/8526/b12d68b2-b704-4de8-89eb-381c7e367476.pem"
"854J","S-NET Communications Inc","SHAKEN 854J","https://cr.ccid.neustar.biz/ccid/authn/v2/certs/11541.10421.pem"
"854K","UHK Networks LLC","SHAKEN 854K","https://ssc.getsipnav.com/certs/35b6438acf154c4814d7c3cf8cc0f4e03d75b23b"
"855K","All Access Telecom Inc.","allaccesstelecom.com","https://q2c.allaccesstelecom.com/static/855K-cert.pem"
"860K","NTT Cloud Communications","SHAKEN 860K","https://certificates.transnexus.com/860K/2619a7fe-fa03-4170-9b83-2917562225d0.pem"
"861J","On","On Air Telecom LLC_1742832914104 SHAKEN 861J","https://onairtel.46labs.com/onairtel.pem"
"863J","Contact Center Specialists LLC","SHAKEN 863J","https://ssc.getsipnav.com/certs/68420390b1e14ecc52d1930ae16ae6935449956c"
"864J","BareTelecom","SHAKEN BareTelecom 864J","https://cr.sansay.com/864J/429C7C70711E3820F0B8E1DEAE6FF3262264CDCD.pem"
"864J","BareTelecom","SHAKEN BareTelecom 864J","https://cr.sansay.com/864J/429C7C70711E3820F0B8E1DEAE6FF3262264CA91.pem"
"864J","BareTelecom","SHAKEN BareTelecom 864J","https://cr.sansay.com/864J/429C7C70711E3820F0B8E1DEAE6FF3262264CCAA.pem"
"864J","BareTelecom","SHAKEN BareTelecom 864J","https://cr.sansay.com/864J/429C7C70711E3820F0B8E1DEAE6FF3262264CA46.pem"
"864J","BareTelecom","SHAKEN BareTelecom 864J","https://cr.sansay.com/864J/429C7C70711E3820F0B8E1DEAE6FF3262264CBBF.pem"
"864J","BareTelecom","SHAKEN BareTelecom 864J","https://cr.sansay.com/864J/429C7C70711E3820F0B8E1DEAE6FF3262264CD83.pem"
"864J","BareTelecom","SHAKEN BareTelecom 864J","https://cr.sansay.com/864J/429C7C70711E3820F0B8E1DEAE6FF3262264CA00.pem"
"864J","BareTelecom","SHAKEN BareTelecom 864J","https://cr.sansay.com/864J/429C7C70711E3820F0B8E1DEAE6FF3262264CD5D.pem"
"864J","BareTelecom","SHAKEN BareTelecom 864J","https://cr.sansay.com/864J/429C7C70711E3820F0B8E1DEAE6FF3262264CA6A.pem"
"864J","BareTelecom","SHAKEN BareTelecom 864J","https://cr.sansay.com/864J/429C7C70711E3820F0B8E1DEAE6FF3262264CCF2.pem"
"864J","BareTelecom","SHAKEN BareTelecom 864J","https://cr.sansay.com/864J/429C7C70711E3820F0B8E1DEAE6FF3262264CB3F.pem"
"864J","BareTelecom","SHAKEN BareTelecom 864J","https://cr.sansay.com/864J/429C7C70711E3820F0B8E1DEAE6FF3262264CBE0.pem"
"864J","BareTelecom","SHAKEN BareTelecom 864J","https://cr.sansay.com/864J/429C7C70711E3820F0B8E1DEAE6FF3262264CAB2.pem"
"864J","BareTelecom","SHAKEN BareTelecom 864J","https://cr.sansay.com/864J/429C7C70711E3820F0B8E1DEAE6FF3262264CDA7.pem"
"864J","BareTelecom","SHAKEN BareTelecom 864J","https://cr.sansay.com/864J/429C7C70711E3820F0B8E1DEAE6FF3262264CB9C.pem"
"864J","BareTelecom","SHAKEN BareTelecom 864J","https://cr.sansay.com/864J/429C7C70711E3820F0B8E1DEAE6FF3262264CAF8.pem"
"864J","BareTelecom","SHAKEN BareTelecom 864J","https://cr.sansay.com/864J/429C7C70711E3820F0B8E1DEAE6FF3262264CC01.pem"
"864J","BareTelecom","SHAKEN BareTelecom 864J","https://cr.sansay.com/864J/429C7C70711E3820F0B8E1DEAE6FF3262264CAD4.pem"
"864J","BareTelecom","SHAKEN BareTelecom 864J","https://cr.sansay.com/864J/429C7C70711E3820F0B8E1DEAE6FF3262264CC24.pem"
"864J","BareTelecom","SHAKEN BareTelecom 864J","https://cr.sansay.com/864J/429C7C70711E3820F0B8E1DEAE6FF3262264CD39.pem"
"864J","BareTelecom","SHAKEN BareTelecom 864J","https://cr.sansay.com/864J/429C7C70711E3820F0B8E1DEAE6FF3262264CCCE.pem"
"864J","BareTelecom","SHAKEN BareTelecom 864J","https://cr.sansay.com/864J/429C7C70711E3820F0B8E1DEAE6FF3262264CB64.pem"
"865K","Siplink Communications","SHAKEN 865K","https://hostedpbx.siplink.in/new_cert.crt"
"866J","VocalIP","SHAKEN 866J","https://certificates.transnexus.com/866J/80cc5dd0-1bd8-4a6c-94c6-f8b3a35e51d9.pem"
"867K","Alpine Valley Consulting LLC","SHAKEN 867K","https://cr.sansay.com/867K/429C7C70711E3820F0B8E1DEAE6FF3262264C3D0.pem"
"8697","Baltimore-Washington Telephone Company","Baltimore-Washington Telephone Company SHAKEN cert 8697","https://bwt.io/8697a2.crt"
"871J","Third Base International Telecom LLC","SHAKEN 871J","https://ssc.getsipnav.com/certs/0a8c103b1a8ad924229f7602a8149b7708c8fa6c"
"873J","MobileSphere","SHAKEN 873J","https://certificates.transnexus.com/873J/73a0e710-4792-476f-860c-dcd8fc0c6b00.pem"
"880K","OmniComm Networks LLC","SHAKEN 880K","https://t5afmyc7w9iecm54.public.blob.vercel-storage.com/880K.chain.crt-eFqJ4pX5DjPnLpyRyAEm8AV6lsBJZJ.pem"
"8833","Logix Fiber Networks","SHAKEN 8833","https://cr.ccid.neustar.biz/ccid/authn/v2/certs/11159.10889.pem"
"8839","Eatel","Eatel SHAKEN Cert 8839","https://cdn-cr.cgah.tnsi.com/certs/3dc4ef07987f8fb0892c9b426513c57173ed8c3e"
"883K","Ahoi","Ahoi SHAKEN 883K","https://certificates.peeringhub.io/883K/883K.crt"
"886G","RCLEC, INC.","SHAKEN 886G RCLEC, INC.","https://cr.sansay.com/886G/429C7C70711E3820F0B8E1DEAE6FF3262264AEEA.pem"
"886G","Ringcentral","SHAKEN 886G","https://cr.ccid.neustar.biz/ccid/authn/v2/certs/11155.10893.pem"
"892K","Conveytel","Conveytel_1719257376064 SHAKEN 892K","https://conveytel.peeredge.com/cert/z6wOuJ8R.pem"
"895K","6x6 Termination","SHAKEN 895K","https://ssc.getsipnav.com/certs/f9c28e4d2a68ced32a566392621883c8d8923c97"
"899J","Telco Connection","SHAKEN 899J","https://ssc.getsipnav.com/certs/ade2fd2f0878ca60bb3d4c36501875adde925945"
"899K","Snapcom LLC","SHAKEN 899K Snapcom LLC","https://cr.sansay.com/899K/429C7C70711E3820F0B8E1DEAE6FF3262264B617.pem"
"902J","IP Link Telecom Inc.","SHAKEN IP Link Telecom Inc. 902J","https://cr.sansay.com/902J/429C7C70711E3820F0B8E1DEAE6FF3262264B92D.pem"
"902J","IP Link Telecom Inc.","SHAKEN IP Link Telecom Inc. 902J","https://cr.sansay.com/902J/429C7C70711E3820F0B8E1DEAE6FF3262264B92E.pem"
"902K","BTBIZ LLC","SHAKEN 902K","https://btbiz.peeredge.com/cert/WYrVfLvc.pem"
"912K","BBIT LLC","SHAKEN 912K","https://certificates.clearip.com/0449db64-4795-4735-b359-8dec139b2913/0bf86e556a50775ef791732611e82836.pem"
"914H","Nextiva, Inc","SHAKEN 914H","https://cr.sansay.com/914H/429C7C70711E3820F0B8E1DEAE6FF3262264C0AE.pem"
"9157","Momentum Telecom","SHAKEN 9157","https://cr.sansay.com/9157/429C7C70711E3820F0B8E1DEAE6FF3262264CCDC.pem"
"916J","Fusion Networks","SHAKEN 916J","https://certificates.clearip.com/48c90e4a-a2cf-4e37-bd41-4c9bf99d32ac/56ecf74965e1221a51e8a8085465b7c4.pem"
"920J","InteractiveTel, LLC","SHAKEN InteractiveTel, LLC 920J","https://cr.sansay.com/920J/429C7C70711E3820F0B8E1DEAE6FF3262264CC6E.pem"
"920J","InteractiveTel, LLC","SHAKEN InteractiveTel, LLC 920J","https://cr.sansay.com/920J/429C7C70711E3820F0B8E1DEAE6FF3262264CD68.pem"
"920J","InteractiveTel, LLC","SHAKEN InteractiveTel, LLC 920J","https://cr.sansay.com/920J/429C7C70711E3820F0B8E1DEAE6FF3262264CB4B.pem"
"9262","Utility Telecom Group, LLC","Utility SHAKEN 9262","https://cdn-cr.cgah.tnsi.com/certs/163df7e9d1e2d91487cc2788653619a671bc9187"
"930K","QEMERT Pro Technology SRL","SHAKEN 930K","https://certs.telonium.net/24/ebf37ff6.crt"
"932K","Alliance Phones","SHAKEN 932K Alliance Phones","https://cr.sansay.com/932K/429C7C70711E3820F0B8E1DEAE6FF32622649E9F.pem"
"938K","Lynktel","SHAKEN 938K Lynktel","https://lynktelecom.peeredge.com/cert/3pm1Luxn.pem"
"939H","Commio","SHAKEN 939H","https://storage.googleapis.com/stirshaken/939h6112024.pem"
"939K","Wavecall LLC","Wavecall LLC_1718137942094 SHAKEN 939K","https://certificates.peeringhub.io/939K/OEwhmbDj/939K.crt"
"940K","Belthrough","SHAKEN 940K","https://cdn.cnxcdn.com/shaken/2845505593.crt"
"9451","Matrix","SHAKEN 9451","https://cr.sansay.com/9451/429C7C70711E3820F0B8E1DEAE6FF3262264CC6F.pem"
"951J","Zultys, Inc","SHAKEN 951J","https://zultys-pem-cert-2022.s3.amazonaws.com/b0e8d800221ea37e21e5a76775c1661e.pem"
"952J","Syndeo LLC dba Broadvoice","SHAKEN 952J","https://certificates.transnexus.com/952J/55404943-85d3-4866-bd57-4d10961bcfde.pem"
"9555","Hypercube Networks LLC","SHAKEN 9555","https://46labsconvo.peeredge.com/cert/9lF0pGoJ.pem"
"955G","LIBERTY CABLEVISION OF PUERTO RICO LLC","SHAKEN 955G","https://prod001-prod011-cr.rbbnidhub.com/MudcHJqGRz/Libertyjune2025"
"962J","Versatel LLC","SHAKEN 962J","https://eco.peeredge.com/cert/epqK2O2z.pem"
"963J","Freevoice Inc","SHAKEN 963J","https://freevoiceusa.com/963J_24"
"969H","Google Voice Inc.","Google SHAKEN cert 969H","https://www.gstatic.com/gtp/stir/PG_GphG9sQai3mLLqJRyFQ.pem"
"973J","Vibratel LLC","SHAKEN 973J","https://ssc.getsipnav.com/certs/a2c9227e31132af2fc23ea1fde8e8371790c4655"
"974K","SIP Crew LLC","SHAKEN 974K","https://cdn.cnxcdn.com/shaken/58c3abfdfe.crt"
"979K","Vonexta Inc","SHAKEN 979K","https://certs.telonium.net/24/e29dc4ea.crt"
"982J","IPROT Inc","SHAKEN 982J","https://certificates.transnexus.com/982J/ad3f0ed7-1baa-4048-b65e-13a9dad461cf.pem"
"983J","ESI","SHAKEN 983J","https://certificates.clearip.com/59ebb7c1-25bd-4dfc-9794-fcb104b2f66a/8a0742ba0a4e9af75279fcdf0e8f2fa2.pem"
"983J","ESI","SHAKEN 983J","https://certificates.clearip.com/59ebb7c1-25bd-4dfc-9794-fcb104b2f66a/6237257e583559a110923633676c01df.pem"
"986K","7G Network, Inc","SHAKEN 986K","https://cr.sansay.com/986K/429C7C70711E3820F0B8E1DEAE6FF3262264CA78.pem"
"987J","Voiply, LLC","SHAKEN Voiply, LLC 987J","https://cr.sansay.com/987J/429C7C70711E3820F0B8E1DEAE6FF3262264BE70.pem"
"988J","ASIA PACIFIC NETWORK CORPORATION","SHAKEN ASIA PACIFIC NETWORK CORPORATION 988J","https://cr.sansay.com/988J/429C7C70711E3820F0B8E1DEAE6FF3262264CD6A.pem"
"988J","ASIA PACIFIC NETWORK CORPORATION","SHAKEN ASIA PACIFIC NETWORK CORPORATION 988J","https://cr.sansay.com/988J/429C7C70711E3820F0B8E1DEAE6FF3262264CB72.pem"
"988J","ASIA PACIFIC NETWORK CORPORATION","SHAKEN ASIA PACIFIC NETWORK CORPORATION 988J","https://cr.sansay.com/988J/429C7C70711E3820F0B8E1DEAE6FF3262264CBED.pem"
"988J","ASIA PACIFIC NETWORK CORPORATION","SHAKEN ASIA PACIFIC NETWORK CORPORATION 988J","https://cr.sansay.com/988J/429C7C70711E3820F0B8E1DEAE6FF3262264CB06.pem"
"988J","ASIA PACIFIC NETWORK CORPORATION","SHAKEN ASIA PACIFIC NETWORK CORPORATION 988J","https://cr.sansay.com/988J/429C7C70711E3820F0B8E1DEAE6FF3262264CD46.pem"
"988J","ASIA PACIFIC NETWORK CORPORATION","SHAKEN ASIA PACIFIC NETWORK CORPORATION 988J","https://cr.sansay.com/988J/429C7C70711E3820F0B8E1DEAE6FF3262264CDDA.pem"
"988J","ASIA PACIFIC NETWORK CORPORATION","SHAKEN ASIA PACIFIC NETWORK CORPORATION 988J","https://cr.sansay.com/988J/429C7C70711E3820F0B8E1DEAE6FF3262264CABF.pem"
"988J","ASIA PACIFIC NETWORK CORPORATION","SHAKEN ASIA PACIFIC NETWORK CORPORATION 988J","https://cr.sansay.com/988J/429C7C70711E3820F0B8E1DEAE6FF3262264CC71.pem"
"988J","ASIA PACIFIC NETWORK CORPORATION","SHAKEN ASIA PACIFIC NETWORK CORPORATION 988J","https://cr.sansay.com/988J/429C7C70711E3820F0B8E1DEAE6FF3262264CB4D.pem"
"988J","ASIA PACIFIC NETWORK CORPORATION","SHAKEN ASIA PACIFIC NETWORK CORPORATION 988J","https://cr.sansay.com/988J/429C7C70711E3820F0B8E1DEAE6FF3262264CA56.pem"
"988J","ASIA PACIFIC NETWORK CORPORATION","SHAKEN ASIA PACIFIC NETWORK CORPORATION 988J","https://cr.sansay.com/988J/429C7C70711E3820F0B8E1DEAE6FF3262264CDB3.pem"
"988J","ASIA PACIFIC NETWORK CORPORATION","SHAKEN ASIA PACIFIC NETWORK CORPORATION 988J","https://cr.sansay.com/988J/429C7C70711E3820F0B8E1DEAE6FF3262264CAE2.pem"
"988J","ASIA PACIFIC NETWORK CORPORATION","SHAKEN ASIA PACIFIC NETWORK CORPORATION 988J","https://cr.sansay.com/988J/429C7C70711E3820F0B8E1DEAE6FF3262264CC50.pem"
"988J","ASIA PACIFIC NETWORK CORPORATION","SHAKEN ASIA PACIFIC NETWORK CORPORATION 988J","https://cr.sansay.com/988J/429C7C70711E3820F0B8E1DEAE6FF3262264CA9E.pem"
"988J","ASIA PACIFIC NETWORK CORPORATION","SHAKEN ASIA PACIFIC NETWORK CORPORATION 988J","https://cr.sansay.com/988J/429C7C70711E3820F0B8E1DEAE6FF3262264CD8F.pem"
"988J","ASIA PACIFIC NETWORK CORPORATION","SHAKEN ASIA PACIFIC NETWORK CORPORATION 988J","https://cr.sansay.com/988J/429C7C70711E3820F0B8E1DEAE6FF3262264CC93.pem"
"988J","ASIA PACIFIC NETWORK CORPORATION","SHAKEN ASIA PACIFIC NETWORK CORPORATION 988J","https://cr.sansay.com/988J/429C7C70711E3820F0B8E1DEAE6FF3262264CBCC.pem"
"988J","ASIA PACIFIC NETWORK CORPORATION","SHAKEN ASIA PACIFIC NETWORK CORPORATION 988J","https://cr.sansay.com/988J/429C7C70711E3820F0B8E1DEAE6FF3262264CA32.pem"
"988J","ASIA PACIFIC NETWORK CORPORATION","SHAKEN ASIA PACIFIC NETWORK CORPORATION 988J","https://cr.sansay.com/988J/429C7C70711E3820F0B8E1DEAE6FF3262264CB29.pem"
"988J","ASIA PACIFIC NETWORK CORPORATION","SHAKEN ASIA PACIFIC NETWORK CORPORATION 988J","https://cr.sansay.com/988J/429C7C70711E3820F0B8E1DEAE6FF3262264CBA9.pem"
"988J","ASIA PACIFIC NETWORK CORPORATION","SHAKEN ASIA PACIFIC NETWORK CORPORATION 988J","https://cr.sansay.com/988J/429C7C70711E3820F0B8E1DEAE6FF3262264CA79.pem"
"991K","ABvoiptel LLC","SHAKEN 991K","https://coztel.peeredge.com/cert/mLLEnVJO.pem"
"996H","Airespring","SHAKEN 996H","https://cr.sansay.com/996H/429C7C70711E3820F0B8E1DEAE6FF3262264BFDC.pem"
"997E","Bandwidth.com CLEC LLC","SHAKEN 997E","https://bw-shaken-cert-pub.s3.us-east-1.amazonaws.com/997E_20260327.pem"
